Rk,Player,Nation,Pos,Squad,Age,Born,MP_playingtime,Starts_playingtime,Min_playingtime,Gls_performance,Ast_performance,PK_performance,PKatt_performance,CrdY_performance,CrdR_performance,Gls_per90min,Ast_per90min,G_plus_A_per90min,G_minus_PK_per90min,G_plus_A_minus_PK_per90min,xG_expected,npxG_expected,xA_expected,xG_per90min,xA_per90min,xG_plus_xA_per90min,npxG_per90min,npxG_plus_xA_per90min
1,Saad Abdul-Salaam\Saad-Abdul-Salaam,us USA,DF,NYCFC,26,1991,4,3,274,0,1,0,0,1,0,0,0.33,0.33,0,0.33,0.1,0.1,0.9,0.04,0.3,0.35,0.04,0.35
2,Mohammed Abu\Mohammed-Abu,gh GHA,MFDF,Columbus,26,1991,4,0,97,0,0,0,0,0,0,0,0,0,0,0,0,0,0.1,0.03,0.11,0.14,0.03,0.14
3,Lalas Abubakar\Lalas-Abubakar,gh GHA,DF,Columbus,23,1994,23,20,1771,1,0,0,0,3,0,0.05,0,0.05,0.05,0.05,0.9,0.9,0.1,0.05,0.01,0.05,0.05,0.05
4,David Accam\David-Accam,gh GHA,FWMF,Philadelphia,27,1990,23,13,1213,1,0,0,0,3,0,0.07,0,0.07,0.07,0.07,3.1,3.1,1,0.23,0.07,0.3,0.23,0.3
5,Danilo Acosta\Danilo-Acosta,us USA,DF,Real Salt Lake,20,1997,12,10,898,0,1,0,0,0,0,0,0.1,0.1,0,0.1,0.3,0.3,0.5,0.03,0.05,0.08,0.03,0.08
6,Kellyn Acosta\Kellyn-Acosta,us USA,MFFW,Colorado,22,1995,12,12,1039,2,2,0,1,3,0,0.17,0.17,0.35,0.17,0.35,2.2,1.5,0.9,0.19,0.08,0.27,0.13,0.21
7,Kellyn Acosta\Kellyn-Acosta,us USA,MFFW,FC Dallas,22,1995,13,8,675,1,1,0,0,0,0,0.13,0.13,0.27,0.13,0.27,1.1,1.1,0.7,0.15,0.1,0.25,0.15,0.25
8,Luciano Acosta\Luciano-Acosta,ar ARG,MF,D.C. United,23,1994,33,32,2746,10,15,0,0,3,0,0.33,0.49,0.82,0.33,0.82,5.5,5.5,8.5,0.18,0.28,0.46,0.18,0.46
9,Mo Adams\Mo-Adams,eng ENG,MF,Chicago,21,1996,14,10,883,0,0,0,0,3,1,0,0,0,0,0,0,0,0,0,0,0,0,0
10,Tyler Adams\Tyler-Adams,us USA,MF,NY Red Bulls,18,1999,27,26,2328,0,3,0,0,3,0,0,0.12,0.12,0,0.12,1.1,1.1,2.2,0.04,0.09,0.13,0.04,0.13
11,Fanendo Adi\Fanendo-Adi,ng NGA,FW,Portland,27,1990,14,9,823,3,2,0,0,0,0,0.33,0.22,0.55,0.33,0.55,4.5,4.5,0.7,0.49,0.07,0.56,0.49,0.56
12,Bismark Adjei-Boateng\Bismark-Adjei-Boateng,gh GHA,MFDF,Colorado,23,1994,20,14,1233,1,0,0,0,6,1,0.07,0,0.07,0.07,0.07,0.5,0.5,0.7,0.04,0.05,0.09,0.04,0.09
13,François Affolter\Francois-Affolter,ch SUI,DF,San Jose,26,1991,9,7,678,0,0,0,0,2,0,0,0,0,0,0,0,0,0,0,0,0,0,0
14,Harrison Afful\Harrison-Afful,gh GHA,DF,Columbus,31,1986,32,32,2864,2,3,0,0,1,0,0.06,0.09,0.16,0.06,0.16,2.5,2.5,4.2,0.08,0.13,0.21,0.08,0.21
15,Juan Agudelo\Juan-Agudelo,us USA,FWMF,New England,25,1992,30,13,1504,3,3,0,0,2,0,0.18,0.18,0.36,0.18,0.36,3.4,3.4,1.4,0.21,0.09,0.29,0.21,0.29
16,Abel Aguilar\Abel-Aguilar,co COL,MF,FC Dallas,33,1985,4,1,134,0,0,0,0,0,0,0,0,0,0,0,0,0,0,0.03,0,0.03,0.03,0.03
17,Stefan Aigner\Stefan-Aigner,de GER,FW,Colorado,30,1987,1,0,12,0,0,0,0,0,0,0,0,0,0,0,0,0,0,0,0,0,0,0
18,José Aja\Jose-Aja,uy URU,DF,Vancouver,24,1993,17,17,1511,1,0,0,0,4,1,0.06,0,0.06,0.06,0.06,0.5,0.5,0.3,0.03,0.02,0.05,0.03,0.05
19,Ager Aketxe\Ager-Aketxe,es ESP,MF,Toronto FC,24,1993,11,9,729,0,1,0,1,1,0,0,0.12,0.12,0,0.12,1.7,1,1.2,0.21,0.14,0.36,0.12,0.26
20,Tesho Akindele\Tesho-Akindele,ca CAN,FWMF,FC Dallas,25,1992,19,5,586,2,0,0,0,0,0,0.31,0,0.31,0.31,0.31,1.7,1.7,0.8,0.26,0.12,0.38,0.26,0.38
21,Ayo Akinola\Ayo-Akinola,us USA,FWMF,Toronto FC,18,2000,4,0,49,0,1,0,0,0,0,0,1.84,1.84,0,1.84,0,0,0.3,0,0.6,0.6,0,0.6
22,Fatai Alashe\Fatai-Alashe,us USA,MF,San Jose,24,1993,12,2,362,0,0,0,0,1,0,0,0,0,0,0,0,0,0.2,0,0.04,0.04,0,0.04
23,Romain Alessandrini\Romain-Alessandrini,fr FRA,FWMF,LA Galaxy,28,1989,26,23,1909,11,8,1,1,7,0,0.52,0.38,0.9,0.47,0.85,5.2,4.4,6.1,0.24,0.29,0.53,0.21,0.49
24,Eric Alexander\Eric-Alexander,us USA,MF,Houston,29,1988,21,20,1655,1,0,0,0,4,1,0.05,0,0.05,0.05,0.05,0.7,0.7,0.8,0.04,0.04,0.08,0.04,0.08
25,Tony Alfaro\Tony-Alfaro,us USA,DF,Seattle,24,1993,4,3,220,0,0,0,0,3,1,0,0,0,0,0,0,0,0,0.01,0,0.01,0.01,0.01
26,Miguel Almirón\Miguel-Almiron,py PAR,MFFW,Atlanta,23,1994,32,32,2756,12,11,4,5,4,0,0.39,0.36,0.75,0.26,0.62,15.1,11.3,10.5,0.49,0.34,0.84,0.37,0.71
27,Osvaldo Alonso\Osvaldo-Alonso,cu CUB,MF,Seattle,32,1985,25,21,1838,0,0,0,0,6,0,0,0,0,0,0,1.1,1.1,0.6,0.06,0.03,0.08,0.06,0.08
28,Jozy Altidore\Jozy-Altidore,us USA,FW,Toronto FC,28,1989,13,12,871,7,0,2,2,3,1,0.72,0,0.72,0.52,0.52,6.1,4.6,0.4,0.63,0.04,0.67,0.47,0.52
29,Arturo Alvarez\Arturo-Alvarez,sv SLV,FWMF,Houston,32,1985,18,2,355,0,1,0,0,1,0,0,0.25,0.25,0,0.25,0.5,0.5,0.9,0.12,0.22,0.34,0.12,0.34
30,Eloi Amagat\Eloi-Amagat,es ESP,MF,NYCFC,32,1985,8,5,430,0,0,0,0,0,1,0,0,0,0,0,0.2,0.2,0.6,0.04,0.12,0.16,0.04,0.16
31,Quincy Amarikwa\Quincy-Amarikwa,us USA,FWMF,San Jose,30,1987,14,1,280,0,2,0,0,1,0,0,0.64,0.64,0,0.64,0.5,0.5,0.7,0.16,0.24,0.39,0.16,0.39
32,Quincy Amarikwa\Quincy-Amarikwa,us USA,FW,Montreal,30,1987,10,7,641,1,0,0,0,0,0,0.14,0,0.14,0.14,0.14,2.8,2.8,0.4,0.39,0.05,0.44,0.39,0.44
33,Mikey Ambrose\Mikey-Ambrose,us USA,DFMF,Atlanta,24,1993,9,8,729,0,1,0,0,1,0,0,0.12,0.12,0,0.12,0.2,0.2,0.7,0.02,0.09,0.11,0.02,0.11
34,Michael Amir Murillo\Michael-Amir-Murillo,pa PAN,DF,NY Red Bulls,21,1996,23,21,1936,1,3,0,0,5,1,0.05,0.14,0.19,0.05,0.19,1.5,1.5,3.4,0.07,0.16,0.22,0.07,0.22
35,Emiliano Amor\Emiliano-Amor,ar ARG,DF,Sporting KC,22,1995,5,3,333,0,0,0,0,1,0,0,0,0,0,0,0,0,0.3,0.01,0.08,0.09,0.01,0.09
36,Vytas Andriuškevičius\Vytas-Andriuskevicius,lt LTU,DFFW,Portland,27,1990,3,0,24,0,0,0,0,0,0,0,0,0,0,0,0,0,0,0,0,0,0,0
37,Isaac Angking\Isaac-Angking,us USA,MFFW,New England,18,2000,3,0,39,0,0,0,0,0,0,0,0,0,0,0,0.6,0.6,0.4,1.47,0.98,2.45,1.47,2.45
38,Jalil Anibaba\Jalil-Anibaba,us USA,DF,New England,29,1988,31,29,2708,0,1,0,0,3,0,0,0.03,0.03,0,0.03,0.5,0.5,0.7,0.02,0.02,0.04,0.02,0.04
39,Pablo Aránguiz\Pablo-Aranguiz,cl CHI,FWMF,FC Dallas,20,1997,9,3,283,0,0,0,0,0,0,0,0,0,0,0,0.2,0.2,1.1,0.08,0.39,0.47,0.08,0.47
40,Victor Arboleda\Victor-Arboleda,co COL,FW,Portland,21,1997,1,0,32,0,0,0,0,0,0,0,0,0,0,0,0,0,0,0,0.06,0.06,0,0.06
41,Luis Argudo\Luis-Argudo,us USA,FWMF,Columbus,22,1995,18,6,634,0,0,0,0,0,0,0,0,0,0,0,0.6,0.6,0.8,0.08,0.12,0.2,0.08,0.2
42,Samuel Armenteros\Samuel-Armenteros,se SWE,FW,Portland,27,1990,28,19,1585,8,1,0,0,2,0,0.45,0.06,0.51,0.45,0.51,6.6,6.6,2,0.38,0.12,0.49,0.38,0.49
43,Paul Arriola\Paul-Arriola,us USA,MFFW,D.C. United,22,1995,28,25,2177,7,6,0,0,7,1,0.29,0.25,0.54,0.29,0.54,3.7,3.7,3.7,0.15,0.15,0.31,0.15,0.31
44,Artur\Artur,br BRA,MF,Columbus,21,1996,32,32,2780,0,1,0,0,5,0,0,0.03,0.03,0,0.03,2.2,2.2,1.3,0.07,0.04,0.11,0.07,0.11
45,Yamil Asad\Yamil-Asad,ar ARG,MFFW,D.C. United,23,1994,30,27,2359,9,5,1,1,1,0,0.34,0.19,0.53,0.31,0.5,5.4,4.6,3,0.2,0.11,0.32,0.18,0.29
46,Carlos Ascues\Carlos-Ascues,pe PER,DFMF,Orlando City,25,1992,9,9,753,0,0,0,0,2,0,0,0,0,0,0,0.3,0.3,0.2,0.04,0.02,0.05,0.04,0.05
47,Dairon Asprilla\Dairon-Asprilla,co COL,FWMF,Portland,25,1992,17,7,693,1,0,1,1,3,0,0.13,0,0.13,0,0,2.6,1.8,1.6,0.34,0.21,0.55,0.24,0.45
48,Jeff Attinella\Jeff-Attinella,us USA,GK,Portland,29,1988,22,22,1942,0,0,0,0,0,0,0,0,0,0,0,0,0,0.1,0,0.01,0.01,0,0.01
49,Eduard Atuesta\Eduard-Atuesta,co COL,MF,Los Angeles FC,20,1997,25,16,1507,1,2,0,0,5,0,0.06,0.12,0.18,0.06,0.18,1,1,1.6,0.06,0.1,0.16,0.06,0.16
50,Auro\Auro,br BRA,DFMF,Toronto FC,22,1996,18,16,1424,0,3,0,0,3,0,0,0.19,0.19,0,0.19,0.8,0.8,2.3,0.05,0.14,0.19,0.05,0.19
51,Kwame Awuah\Kwame-Awuah,ca CAN,MFFW,NYCFC,22,1995,6,1,146,0,0,0,0,0,0,0,0,0,0,0,0,0,0.1,0.03,0.09,0.12,0.03,0.12
52,Micheal Azira\Micheal-Azira,ug UGA,MF,Montreal,30,1987,10,8,724,1,0,0,0,2,0,0.12,0,0.12,0.12,0.12,0.5,0.5,0,0.06,0,0.06,0.06,0.06
53,Micheal Azira\Micheal-Azira,ug UGA,MF,Colorado,30,1987,5,3,275,0,0,0,0,2,0,0,0,0,0,0,0.1,0.1,0,0.02,0,0.02,0.02,0.02
54,Dominique Badji\Dominique-Badji,sn SEN,FW,Colorado,25,1992,16,15,1340,7,1,0,0,6,0,0.47,0.07,0.54,0.47,0.54,6.7,6.7,0.7,0.45,0.05,0.49,0.45,0.49
55,Dominique Badji\Dominique-Badji,sn SEN,FW,FC Dallas,25,1992,10,9,613,2,1,0,0,0,0,0.29,0.15,0.44,0.29,0.44,2.3,2.3,1,0.37,0.17,0.54,0.37,0.54
56,Corey Baird\Corey-Baird,us USA,FW,Real Salt Lake,22,1996,31,21,1898,8,5,0,0,4,0,0.38,0.24,0.62,0.38,0.62,7.2,7.2,2.8,0.34,0.13,0.48,0.34,0.48
57,Jon Bakero\Jon-Bakero,es ESP,FW,Toronto FC,21,1996,3,2,148,0,0,0,0,0,0,0,0,0,0,0,0.2,0.2,0,0.14,0.02,0.15,0.14,0.15
58,Jon Bakero\Jon-Bakero,es ESP,MFFW,Chicago,21,1996,4,1,78,0,0,0,0,0,0,0,0,0,0,0,0.2,0.2,0.3,0.27,0.4,0.67,0.27,0.67
59,Ezequiel Barco\Ezequiel-Barco,ar ARG,FWMF,Atlanta,18,1999,26,19,1723,4,2,0,0,2,0,0.21,0.1,0.31,0.21,0.31,3.4,3.4,4.4,0.18,0.23,0.41,0.18,0.41
60,Giles Barnes\Giles-Barnes,jm JAM,FWMF,Colorado,29,1988,12,6,545,0,0,0,0,0,0,0,0,0,0,0,0.1,0.1,0.5,0.01,0.08,0.09,0.01,0.09
61,Michael Barrios\Michael-Barrios,co COL,FWMF,FC Dallas,26,1991,34,29,2530,6,5,0,0,3,0,0.21,0.18,0.39,0.21,0.39,8.3,8.3,7.8,0.3,0.29,0.59,0.3,0.59
62,Shawn Barry\Shawn-Barry,pr PUR,DF,Real Salt Lake,27,1990,4,3,202,0,0,0,0,1,0,0,0,0,0,0,0,0,0,0,0.02,0.02,0,0.02
63,Cole Bassett\Cole-Bassett,us USA,MF,Colorado,16,2001,6,3,309,1,0,0,0,0,0,0.29,0,0.29,0.29,0.29,1.1,1.1,0.2,0.31,0.05,0.35,0.31,0.35
64,DaMarcus Beasley\DaMarcus-Beasley,us USA,DF,Houston,35,1982,26,26,2206,1,2,0,0,0,1,0.04,0.08,0.12,0.04,0.12,0.5,0.5,2,0.02,0.08,0.1,0.02,0.1
65,Kyle Beckerman\Kyle-Beckerman,us USA,MF,Real Salt Lake,35,1982,31,29,2622,1,0,0,0,8,0,0.03,0,0.03,0.03,0.03,1,1,1.4,0.03,0.05,0.08,0.03,0.08
66,Alejandro Bedoya\Alejandro-Bedoya,us USA,MF,Philadelphia,30,1987,33,31,2778,3,5,0,0,7,1,0.1,0.16,0.26,0.1,0.26,3.8,3.8,5.7,0.12,0.18,0.31,0.12,0.31
67,Steven Beitashour\Steven-Beitashour,ir IRN,DF,Los Angeles FC,30,1987,30,30,2641,2,3,0,0,3,0,0.07,0.1,0.17,0.07,0.17,1.5,1.5,2.9,0.05,0.1,0.16,0.05,0.16
68,Louis Béland-Goyette\Louis-Beland-Goyette,ca CAN,MFFW,Montreal,22,1995,4,0,113,0,0,0,0,0,0,0,0,0,0,0,0,0,0,0,0.03,0.03,0,0.03
69,George Bello\George-Bello,us USA,MFDF,Atlanta,16,2002,3,2,177,1,0,0,0,0,0,0.51,0,0.51,0.51,0.51,0.2,0.2,0.4,0.11,0.18,0.29,0.11,0.29
70,Kharlton Belmar\Kharlton-Belmar,us USA,FWMF,Sporting KC,25,1992,4,0,69,0,0,0,0,0,0,0,0,0,0,0,0.1,0.1,0.1,0.16,0.1,0.25,0.16,0.25
71,Joe Bendik\Joe-Bendik,us USA,GK,Orlando City,28,1989,25,24,2219,0,0,0,0,3,0,0,0,0,0,0,0,0,0.3,0,0.01,0.01,0,0.01
72,Matt Besler\Matt-Besler,us USA,DF,Sporting KC,30,1987,31,31,2745,0,2,0,0,2,0,0,0.07,0.07,0,0.07,0,0,1.5,0,0.05,0.05,0,0.05
73,Nick Besler\Nick-Besler,us USA,DFMF,Real Salt Lake,24,1993,22,15,1435,1,0,0,0,1,0,0.06,0,0.06,0.06,0.06,0.7,0.7,0,0.04,0,0.04,0.04,0.04
74,Vincent Bezecourt\Vincent-Bezecourt,fr FRA,MFFW,NY Red Bulls,24,1993,9,5,396,0,1,0,0,1,0,0,0.23,0.23,0,0.23,0.4,0.4,0.6,0.1,0.14,0.24,0.1,0.24
75,David Bingham\David-Bingham,us USA,GK,LA Galaxy,28,1989,34,34,3060,0,0,0,0,2,0,0,0,0,0,0,0,0,0,0,0,0,0,0
76,Eric Bird\Eric-Bird,us USA,MF,Houston,24,1993,6,4,340,0,0,0,0,0,0,0,0,0,0,0,0.5,0.5,0.1,0.12,0.02,0.14,0.12,0.14
77,Steve Birnbaum\Steve-Birnbaum,us USA,DF,D.C. United,27,1991,34,34,3060,2,0,0,0,4,0,0.06,0,0.06,0.06,0.06,1.2,1.2,0.4,0.04,0.01,0.05,0.04,0.05
78,Tristan Blackmon\Tristan-Blackmon,us USA,DF,Los Angeles FC,21,1996,10,5,496,0,0,0,0,1,0,0,0,0,0,0,0.1,0.1,0.1,0.02,0.03,0.05,0.02,0.05
79,Andre Blake\Andre-Blake,jm JAM,GK,Philadelphia,27,1990,33,33,2970,0,0,0,0,2,0,0,0,0,0,0,0,0,0,0,0,0,0,0
80,Sebastián Blanco\Sebastian-Blanco,ar ARG,MFFW,Portland,29,1988,31,29,2559,10,8,0,0,9,0,0.35,0.28,0.63,0.35,0.63,6.2,6.2,8.8,0.22,0.31,0.53,0.22,0.53
81,Latif Blessing\Latif-Blessing,gh GHA,FWMF,Los Angeles FC,21,1996,30,18,1808,5,6,0,0,0,0,0.25,0.3,0.55,0.25,0.55,7.2,7.2,3.7,0.38,0.19,0.57,0.38,0.57
82,Johan Blomberg\Johan-Blomberg,se SWE,MFDF,Colorado,30,1987,24,21,1649,0,3,0,0,5,0,0,0.16,0.16,0,0.16,0.8,0.8,2.4,0.04,0.13,0.17,0.04,0.17
83,Anthony Blondell\Anthony-Blondell,ve VEN,FW,Vancouver,23,1994,18,8,645,1,1,0,0,1,0,0.14,0.14,0.28,0.14,0.28,1.6,1.6,1.1,0.23,0.15,0.38,0.23,0.38
84,Emmanuel Boateng\Emmanuel-Boateng,gh GHA,FW,LA Galaxy,24,1994,27,12,1192,2,5,0,0,2,0,0.15,0.38,0.53,0.15,0.53,3,3,2.2,0.22,0.16,0.39,0.22,0.39
85,Fernando Bob\Fernando-Bob,br BRA,MF,Minnesota,30,1988,7,7,614,0,0,0,0,2,1,0,0,0,0,0,0,0,0.2,0.01,0.03,0.04,0.01,0.04
86,Yannick Boli\Yannick-Boli,ci CIV,FW,Colorado,30,1988,17,9,769,2,0,1,1,3,1,0.23,0,0.23,0.12,0.12,2.9,2.1,0.2,0.34,0.03,0.36,0.25,0.27
87,Alex Bono\Alex-Bono,us USA,GK,Toronto FC,23,1994,27,27,2430,0,0,0,0,2,0,0,0,0,0,0,0,0,0.1,0,0,0,0,0
88,Stefano Bonomo\Stefano-Bonomo,us USA,FW,NY Red Bulls,25,1993,1,0,2,0,0,0,0,0,0,0,0,0,0,0,0,0,0,0,0.73,0.73,0,0.73
89,Michael Boxall\Michael-Boxall,nz NZL,DF,Minnesota,29,1988,32,32,2880,2,0,0,0,7,0,0.06,0,0.06,0.06,0.06,1,1,0.4,0.03,0.01,0.04,0.03,0.04
90,Michael Bradley\Michael-Bradley,us USA,MFDF,Toronto FC,30,1987,32,32,2856,0,2,0,0,6,0,0,0.06,0.06,0,0.06,0.7,0.7,2,0.02,0.06,0.08,0.02,0.08
91,Shaft Brewer\Shaft-Brewer,us USA,FW,Los Angeles FC,18,1999,3,0,32,0,0,0,0,0,0,0,0,0,0,0,0.3,0.3,0.3,0.74,0.85,1.59,0.74,1.59
92,Frédéric Brillant\Frederic-Brillant,fr FRA,DF,D.C. United,32,1985,27,24,2182,0,1,0,0,1,0,0,0.04,0.04,0,0.04,1,1,0.7,0.04,0.03,0.07,0.04,0.07
93,Brandt Bronico\Brandt-Bronico,us USA,MF,Chicago,22,1995,23,17,1532,1,4,0,0,4,0,0.06,0.23,0.29,0.06,0.29,1.5,1.5,1.2,0.09,0.07,0.16,0.09,0.16
94,Will Bruin\Will-Bruin,us USA,FW,Seattle,28,1989,29,19,1797,7,5,0,0,1,0,0.35,0.25,0.6,0.35,0.6,5.9,5.9,3.2,0.3,0.16,0.46,0.3,0.46
95,Teal Bunbury\Teal-Bunbury,us USA,FW,New England,27,1990,32,30,2559,11,2,1,2,5,0,0.39,0.07,0.46,0.35,0.42,10.8,9.3,2.1,0.38,0.07,0.45,0.33,0.4
96,Marc Burch\Marc-Burch,us USA,DF,Minnesota,33,1984,6,5,403,0,0,0,0,1,0,0,0,0,0,0,0,0,0.4,0,0.08,0.08,0,0.08
97,Cory Burke\Cory-Burke,jm JAM,FW,Philadelphia,26,1991,29,15,1433,10,1,0,0,4,1,0.63,0.06,0.69,0.63,0.69,9,9,1.1,0.57,0.07,0.64,0.57,0.64
98,Evan Bush\Evan-Bush,us USA,GK,Montreal,31,1986,34,34,3060,0,0,0,0,1,0,0,0,0,0,0,0,0,0,0,0,0,0,0
99,Gianluca Busio\Gianluca-Busio,us USA,MF,Sporting KC,15,2002,7,1,159,1,1,0,0,0,0,0.57,0.57,1.13,0.57,1.13,1.5,1.5,0.3,0.87,0.18,1.05,0.87,1.05
100,Handwalla Bwana\Handwalla-Bwana,us USA,FWMF,Seattle,20,1997,12,6,490,2,1,0,0,0,0,0.37,0.18,0.55,0.37,0.55,0.9,0.9,0.5,0.17,0.09,0.26,0.17,0.26
101,Brandon Bye\Brandon-Bye,us USA,DF,New England,22,1995,24,16,1474,1,1,0,0,4,0,0.06,0.06,0.12,0.06,0.12,0.5,0.5,0.3,0.03,0.02,0.05,0.03,0.05
102,Víctor Cabrera\Victor-Cabrera,ar ARG,DF,Montreal,24,1993,13,10,922,0,0,0,0,2,1,0,0,0,0,0,0.2,0.2,0,0.02,0,0.02,0.02,0.02
103,Luís Caicedo\Luis-Caicedo,co COL,MF,New England,21,1996,30,29,2589,1,3,0,0,11,0,0.03,0.1,0.14,0.03,0.14,1.8,1.8,1.3,0.06,0.05,0.11,0.06,0.11
104,Scott Caldwell\Scott-Caldwell,us USA,MF,New England,26,1991,24,20,1516,2,0,0,0,8,1,0.12,0,0.12,0.12,0.12,2.3,2.3,1,0.14,0.06,0.2,0.14,0.2
105,Alexander Callens\Alexander-Callens,pe PER,DF,NYCFC,25,1992,31,31,2748,1,0,0,0,6,0,0.03,0,0.03,0.03,0.03,1.7,1.7,0.4,0.06,0.01,0.07,0.06,0.07
106,Caleb Calvert\Caleb-Calvert,us USA,FW,Colorado,21,1996,1,0,36,0,0,0,0,0,0,0,0,0,0,0,0.3,0.3,0,0.65,0.09,0.74,0.65,0.74
107,Eric Calvillo\Eric-Calvillo,us USA,MF,San Jose,20,1998,3,2,164,0,0,0,0,1,0,0,0,0,0,0,0.1,0.1,0.2,0.08,0.09,0.17,0.08,0.17
108,Francisco Calvo\Francisco-Calvo,cr CRC,DF,Minnesota,25,1992,26,26,2338,2,2,0,0,10,1,0.08,0.08,0.15,0.08,0.15,1.5,1.5,1.5,0.06,0.06,0.12,0.06,0.12
109,Rudy Camacho\Rudy-Camacho,fr FRA,DF,Montreal,26,1991,18,18,1565,0,0,0,0,2,0,0,0,0,0,0,0.8,0.8,0,0.04,0,0.05,0.04,0.05
110,Jonathan Campbell\Jonathan-Campbell,us USA,DF,Chicago,24,1993,15,11,1007,0,0,0,0,1,0,0,0,0,0,0,0.3,0.3,0,0.02,0,0.03,0.02,0.03
111,Diego Campos\Diego-Campos,cr CRC,FWDF,Chicago,22,1995,23,13,1199,1,1,0,0,1,0,0.08,0.08,0.15,0.08,0.15,2,2,1.8,0.15,0.14,0.29,0.15,0.29
112,Reggie Cannon\Reggie-Cannon,us USA,DF,FC Dallas,19,1998,33,33,2918,1,2,0,0,4,0,0.03,0.06,0.09,0.03,0.09,0.7,0.7,2.3,0.02,0.07,0.1,0.02,0.1
113,Russell Canouse\Russell-Canouse,us USA,MF,D.C. United,22,1995,20,17,1534,1,0,0,0,4,0,0.06,0,0.06,0.06,0.06,1.1,1.1,0.2,0.06,0.01,0.07,0.06,0.07
114,Andrew Carleton\Andrew-Carleton,us USA,FWMF,Atlanta,17,2000,7,2,161,0,1,0,0,0,0,0,0.56,0.56,0,0.56,0.3,0.3,0.5,0.18,0.27,0.44,0.18,0.44
115,Servando Carrasco\Servando-Carrasco,us USA,MF,LA Galaxy,29,1988,19,10,1004,0,2,0,0,3,0,0,0.18,0.18,0,0.18,0.3,0.3,1,0.03,0.09,0.12,0.03,0.12
116,Julio Cascante\Julio-Cascante,cr CRC,DF,Portland,24,1993,21,18,1732,0,1,0,0,1,0,0,0.05,0.05,0,0.05,1.2,1.2,0.1,0.06,0,0.07,0.06,0.07
117,Cristian Cásseres Jr.\Cristian-Casseres-Jr,ve VEN,MF,NY Red Bulls,18,2000,3,1,97,0,0,0,0,1,0,0,0,0,0,0,0,0,0,0.04,0,0.04,0.04,0.04
118,Valentín Castellanos\Valentin-Castellanos,ar ARG,FW,NYCFC,19,1998,8,5,446,1,0,0,0,2,0,0.2,0,0.2,0.2,0.2,2.8,2.8,0.4,0.56,0.08,0.64,0.56,0.64
119,Edgar Castillo\Edgar-Castillo,us USA,DFMF,Colorado,31,1986,28,28,2439,3,5,0,0,7,0,0.11,0.18,0.3,0.11,0.3,0.9,0.9,3.2,0.03,0.12,0.15,0.03,0.15
120,Darwin Cerén\Darwin-Ceren,sv SLV,MF,Houston,28,1989,24,20,1861,1,0,0,0,9,1,0.05,0,0.05,0.05,0.05,0.3,0.3,0.6,0.01,0.03,0.04,0.01,0.04
121,Maxime Chanot\Maxime-Chanot,lu LUX,DF,NYCFC,28,1989,18,18,1569,1,0,0,0,2,1,0.06,0,0.06,0.06,0.06,0.7,0.7,0.1,0.04,0,0.04,0.04,0.04
122,Jay Chapman\Jay-Chapman,ca CAN,MFFW,Toronto FC,24,1994,22,10,987,3,1,0,0,2,0,0.27,0.09,0.36,0.27,0.36,2.8,2.8,2.6,0.25,0.24,0.49,0.25,0.49
123,Diego Chará\Diego-Chara,co COL,MF,Portland,31,1986,27,26,2385,2,0,0,0,11,0,0.08,0,0.08,0.08,0.08,1.9,1.9,1.9,0.07,0.07,0.14,0.07,0.14
124,David Choinière\David-Choiniere,ca CAN,MF,Montreal,20,1997,1,0,13,0,0,0,0,0,0,0,0,0,0,0,0,0,0,0,0,0,0,0
125,Mathieu Choiniere\Mathieu-Choiniere,ca CAN,FWMF,Montreal,18,1999,5,0,87,0,0,0,0,0,0,0,0,0,0,0,0.1,0.1,0.1,0.11,0.08,0.18,0.11,0.18
126,Paul Christensen\Paul-Christensen,us USA,GK,Atlanta,21,1996,1,0,55,0,0,0,0,0,0,0,0,0,0,0,0,0,0,0,0,0,0,0
127,Michaël Ciani\Michael-Ciani,fr FRA,DF,LA Galaxy,33,1984,21,19,1645,1,0,0,0,5,0,0.05,0,0.05,0.05,0.05,0.4,0.4,0.1,0.02,0,0.03,0.02,0.03
128,Laurent Ciman\Laurent-Ciman,be BEL,DF,Los Angeles FC,32,1985,22,22,1980,3,0,0,0,1,0,0.14,0,0.14,0.14,0.14,1,1,1,0.05,0.05,0.1,0.05,0.1
129,Ricardo Clark\Ricardo-Clark,us USA,MF,Columbus,34,1983,13,8,640,1,1,0,0,1,0,0.14,0.14,0.28,0.14,0.28,0.6,0.6,0.3,0.08,0.04,0.13,0.08,0.13
130,Steve Clark\Steve-Clark,us USA,GK,Portland,31,1986,8,6,578,0,0,0,0,1,0,0,0,0,0,0,0,0,0,0,0,0,0,0
131,Steve Clark\Steve-Clark,us USA,GK,D.C. United,31,1986,3,3,270,0,0,0,0,1,0,0,0,0,0,0,0,0,0,0,0,0,0,0
132,Stefan Cleveland\Stefan-Cleveland,us USA,GK,Chicago,23,1994,5,5,450,0,0,0,0,0,0,0,0,0,0,0,0,0,0,0,0,0,0,0
133,Ashley Cole\Ashley-Cole,eng ENG,DFMF,LA Galaxy,37,1980,31,30,2684,1,9,0,0,8,2,0.03,0.3,0.34,0.03,0.34,1.5,1.5,5,0.05,0.17,0.22,0.05,0.22
134,Elliot Collier\Elliot-Collier,nz NZL,FWMF,Chicago,22,1995,16,9,906,1,1,0,0,1,0,0.1,0.1,0.2,0.1,0.2,2.1,2.1,1,0.21,0.1,0.3,0.21,0.3
135,Aurélien Collin\Aurelien-Collin,fr FRA,DF,NY Red Bulls,31,1986,7,5,353,0,0,0,0,2,0,0,0,0,0,0,0,0,0.1,0.01,0.03,0.03,0.01,0.03
136,Cristian Colmán\Cristian-Colman,py PAR,FW,FC Dallas,23,1994,15,6,610,2,0,0,0,0,1,0.3,0,0.3,0.3,0.3,2.4,2.4,1.2,0.36,0.18,0.54,0.36,0.54
137,Josué Colmán\Josue-Colman,py PAR,FW,Orlando City,19,1998,24,10,1063,1,2,0,0,0,0,0.08,0.17,0.25,0.08,0.25,1.3,1.3,1.4,0.11,0.12,0.23,0.11,0.23
138,Kip Colvey\Kip-Colvey,nz NZL,DFMF,Colorado,23,1994,3,3,206,0,0,0,0,0,0,0,0,0,0,0,0,0,0.1,0,0.03,0.03,0,0.03
139,Simon Colyn\Simon-Colyn,ca CAN,MF,Vancouver,15,2002,1,0,5,0,0,0,0,0,0,0,0,0,0,0,0.1,0.1,0,1.04,0,1.04,1.04,1.04
140,Tomás Conechny\Tomas-Conechny,ar ARG,FWMF,Portland,19,1998,4,1,74,0,0,0,0,0,0,0,0,0,0,0,0.2,0.2,0,0.27,0.03,0.3,0.27,0.3
141,Drew Conner\Drew-Conner,us USA,MFDF,Chicago,23,1994,11,5,467,0,1,0,0,3,1,0,0.19,0.19,0,0.19,0,0,0.4,0.01,0.08,0.09,0.01,0.09
142,Warren Creavalle\Warren-Creavalle,us USA,MF,Philadelphia,27,1990,17,6,689,0,1,0,0,2,0,0,0.13,0.13,0,0.13,0.2,0.2,0.6,0.02,0.07,0.09,0.02,0.09
143,Alex Crognale\Alex-Crognale,us USA,FWDF,Columbus,23,1994,5,0,101,1,0,0,0,0,0,0.89,0,0.89,0.89,0.89,0.1,0.1,0,0.11,0,0.11,0.11,0.11
144,Yohan Croizet\Yohan-Croizet,fr FRA,MFFW,Sporting KC,25,1992,32,19,1591,3,3,0,0,2,0,0.17,0.17,0.34,0.17,0.34,3.6,3.6,2.1,0.2,0.12,0.32,0.2,0.32
145,Harold Cummings\Harold-Cummings,pa PAN,DF,San Jose,25,1992,21,21,1874,0,0,0,0,3,0,0,0,0,0,0,0,0,0.2,0,0.01,0.01,0,0.01
146,Aidan Daniels\Aidan-Daniels,ca CAN,DF,Toronto FC,19,1998,1,0,13,0,0,0,0,0,0,0,0,0,0,0,0,0,0,0.33,0,0.33,0.33,0.33
147,Abu Danladi\Abu-Danladi,gh GHA,FW,Minnesota,22,1995,16,5,488,1,1,0,0,1,0,0.18,0.18,0.37,0.18,0.37,2,2,1,0.37,0.18,0.56,0.37,0.56
148,Juan David Cabezas\Juan-David-Cabezas,co COL,MF,Houston,26,1991,6,4,289,0,0,0,0,1,0,0,0,0,0,0,0.1,0.1,0,0.03,0.01,0.04,0.03,0.04
149,Alphonso Davies\Alphonso-Davies,ca CAN,FWMF,Vancouver,17,2000,31,27,2419,8,9,0,0,2,0,0.3,0.33,0.63,0.3,0.63,5.5,5.5,6.1,0.2,0.23,0.43,0.2,0.43
150,Sean Davis\Sean-Davis,us USA,MF,NY Red Bulls,24,1993,32,30,2574,0,4,0,0,1,0,0,0.14,0.14,0,0.14,0.4,0.4,2.6,0.01,0.09,0.1,0.01,0.1
151,Christian Dean\Christian-Dean,us USA,DF,Chicago,24,1993,2,2,177,0,0,0,0,0,0,0,0,0,0,0,0.1,0.1,0,0.03,0,0.03,0.03,0.03
152,A.J. DeLaGarza\AJ-DeLaGarza,gu GUM,DF,Houston,30,1987,4,4,360,0,0,0,0,0,0,0,0,0,0,0,0,0,0.1,0,0.01,0.01,0,0.01
153,Antonio Delamea Mlinar\Antonio-Delamea-Mlinar,si SVN,DF,New England,26,1991,18,18,1514,0,0,0,0,8,1,0,0,0,0,0,0.5,0.5,0,0.03,0,0.03,0.03,0.03
154,Jordy Delem\Jordy-Delem,mq MTQ,MFDF,Seattle,24,1993,16,10,858,1,0,0,0,5,0,0.1,0,0.1,0.1,0.1,0.8,0.8,0.1,0.08,0.01,0.09,0.08,0.09
155,Nick DeLeon\Nick-DeLeon,us USA,DF,D.C. United,27,1990,15,12,1064,0,1,0,0,2,0,0,0.08,0.08,0,0.08,1.2,1.2,0.5,0.1,0.05,0.15,0.1,0.15
156,Marky Delgado\Marky-Delgado,us USA,MF,Toronto FC,22,1995,28,21,1983,2,2,0,0,3,0,0.09,0.09,0.18,0.09,0.18,1.8,1.8,2.2,0.08,0.1,0.18,0.08,0.18
157,Clint Dempsey\Clint-Dempsey,us USA,MFFW,Seattle,34,1983,14,9,905,1,1,0,0,1,1,0.1,0.1,0.2,0.1,0.2,3.3,3.3,1.5,0.33,0.15,0.48,0.33,0.48
158,Gregory van der Wiel\Gregory-van-der-Wiel,nl NED,DF,Toronto FC,29,1988,27,25,2296,0,4,0,0,2,1,0,0.16,0.16,0,0.16,0.1,0.1,1.9,0.01,0.08,0.08,0.01,0.08
159,Tyler Deric\Tyler-Deric,us USA,GK,Houston,29,1988,2,2,180,0,0,0,0,1,0,0,0,0,0,0,0,0,0,0,0,0,0,0
160,Mauro Díaz\Mauro-Diaz,ar ARG,MFFW,FC Dallas,26,1991,12,9,803,2,5,2,2,3,0,0.22,0.56,0.78,0,0.56,3.2,1.7,3,0.36,0.34,0.7,0.19,0.53
161,Claude Dielna\Claude-Dielna,GPE,DF,New England,30,1987,17,15,1333,0,0,0,0,6,1,0,0,0,0,0,1,1,0.4,0.07,0.03,0.09,0.07,0.09
162,Adama Diomande\Adama-Diomande,no NOR,FW,Los Angeles FC,27,1990,18,14,1248,12,4,0,0,1,0,0.87,0.29,1.15,0.87,1.15,9.4,9.4,2,0.68,0.14,0.82,0.68,0.82
163,Bořek Dočkal\Borek-Dockal,cz CZE,MF,Philadelphia,29,1988,31,30,2380,5,11,1,1,1,0,0.19,0.42,0.61,0.15,0.57,4,3.2,8.4,0.15,0.32,0.47,0.12,0.44
164,Marco Donadel\Marco-Donadel,it ITA,DF,Montreal,34,1983,2,1,97,0,0,0,0,2,0,0,0,0,0,0,0,0,0,0.05,0,0.05,0.05,0.05
165,Giovani dos Santos\Giovani-dos-Santos,mx MEX,MFFW,LA Galaxy,28,1989,14,10,823,3,2,0,0,2,0,0.33,0.22,0.55,0.33,0.55,3.3,3.3,1.7,0.36,0.18,0.54,0.36,0.54
166,Jonathan dos Santos\Jonathan-dos-Santos,mx MEX,MF,LA Galaxy,27,1990,23,22,1907,2,4,0,0,3,0,0.09,0.19,0.28,0.09,0.28,0.7,0.7,1.4,0.03,0.07,0.1,0.03,0.1
167,Kyle Duncan\Kyle-Duncan,us USA,DF,NY Red Bulls,20,1997,4,4,360,0,1,0,0,0,0,0,0.25,0.25,0,0.25,0,0,0.3,0,0.07,0.07,0,0.07
168,Julian Dunn-Johnson\Julian-Dunn-Johnson,ca CAN,DF,Toronto FC,17,2000,2,1,105,0,0,0,0,0,0,0,0,0,0,0,0,0,0,0,0,0,0,0
169,Chris Durkin\Chris-Durkin,us USA,MF,D.C. United,17,2000,23,16,1506,0,0,0,0,4,0,0,0,0,0,0,0.4,0.4,0.3,0.03,0.02,0.04,0.03,0.04
170,Chris Duvall\Chris-Duvall,us USA,DF,Montreal,26,1991,15,14,1192,0,1,0,0,4,0,0,0.08,0.08,0,0.08,0,0,0.8,0,0.06,0.07,0,0.07
171,Dom Dwyer\Dom-Dwyer,us USA,FW,Orlando City,27,1990,26,25,2242,13,0,0,0,9,0,0.52,0,0.52,0.52,0.52,11.2,11.2,0.4,0.45,0.01,0.46,0.45,0.46
172,Jeremy Ebobisse\Jeremy-Ebobisse,us USA,FW,Portland,20,1997,9,5,450,2,0,0,0,1,0,0.4,0,0.4,0.4,0.4,1.9,1.9,0.6,0.38,0.12,0.5,0.38,0.5
173,Earl Edwards Jr.\Earl-Edwards-Jr,us USA,GK,Orlando City,26,1992,5,5,391,0,0,0,0,0,0,0,0,0,0,0,0,0,0,0,0,0,0,0
174,Raheem Edwards\Raheem-Edwards,ca CAN,FWMF,Montreal,22,1995,14,9,808,2,0,0,0,3,0,0.22,0,0.22,0.22,0.22,1.4,1.4,0.5,0.16,0.05,0.21,0.16,0.21
175,Raheem Edwards\Raheem-Edwards,ca CAN,FWMF,Chicago,22,1995,13,10,916,1,2,0,0,0,0,0.1,0.2,0.29,0.1,0.29,1.4,1.4,2.6,0.14,0.26,0.4,0.14,0.4
176,Alberth Elis\Alberth-Elis,hn HON,FW,Houston,21,1996,30,27,2414,11,9,2,2,6,1,0.41,0.34,0.75,0.34,0.67,13.2,11.7,7.8,0.49,0.29,0.78,0.43,0.73
177,Jack Elliott\Jack-Elliott,eng ENG,DF,Philadelphia,22,1995,17,16,1429,2,0,0,0,7,1,0.13,0,0.13,0.13,0.13,1.6,1.6,0,0.1,0,0.1,0.1,0.1
178,Kevin Ellis\Kevin-Ellis,us USA,DFFW,D.C. United,26,1991,2,0,48,0,0,0,0,0,0,0,0,0,0,0,0,0,0,0,0,0,0,0
179,Kevin Ellis\Kevin-Ellis,us USA,DF,Chicago,26,1991,20,19,1531,2,3,0,0,3,0,0.12,0.18,0.29,0.12,0.29,0.6,0.6,0.9,0.04,0.05,0.09,0.04,0.09
180,Marcus Epps\Marcus-Epps,us USA,FW,Philadelphia,23,1995,13,8,606,1,0,0,0,0,0,0.15,0,0.15,0.15,0.15,1.7,1.7,0.7,0.26,0.1,0.36,0.26,0.36
181,Magnus Eriksson\Magnus-Eriksson,se SWE,MFFW,San Jose,27,1990,32,29,2484,6,3,3,3,2,0,0.22,0.11,0.33,0.11,0.22,5.3,3,4.3,0.19,0.15,0.35,0.11,0.26
182,Fidel Escobar\Fidel-Escobar,pa PAN,DF,NY Red Bulls,23,1995,6,4,375,0,0,0,0,0,0,0,0,0,0,0,0.3,0.3,0,0.08,0,0.08,0.08,0.08
183,Franco Escobar\Franco-Escobar,ar ARG,DF,Atlanta,22,1995,22,20,1788,1,0,0,0,7,0,0.05,0,0.05,0.05,0.05,1.1,1.1,1.1,0.06,0.06,0.11,0.06,0.11
184,Roger Espinoza\Roger-Espinoza,hn HON,MF,Sporting KC,31,1986,32,32,2820,3,6,0,0,9,1,0.1,0.19,0.29,0.1,0.29,2.8,2.8,5.1,0.09,0.17,0.26,0.09,0.26
185,Derrick Etienne\Derrick-Etienne,ht HAI,FW,NY Red Bulls,21,1996,30,9,970,5,0,0,1,1,0,0.46,0,0.46,0.46,0.46,6.8,6,1.2,0.63,0.12,0.75,0.56,0.68
186,Fabinho\Fabinho,br BRA,DF,Philadelphia,32,1985,11,8,715,0,0,0,0,1,0,0,0,0,0,0,0,0,0.4,0,0.05,0.05,0,0.05
187,Diego Fagúndez\Diego-Fagundez,uy URU,MFFW,New England,22,1995,33,30,2661,9,8,1,2,9,0,0.3,0.27,0.57,0.27,0.54,7,5.6,7.8,0.24,0.26,0.5,0.19,0.45
188,Rod Fanni\Rod-Fanni,fr FRA,DF,Montreal,36,1981,26,26,2289,1,0,0,0,0,0,0.04,0,0.04,0.04,0.04,0.2,0.2,0.2,0.01,0.01,0.01,0.01,0.01
189,Marco Farfan\Marco-Farfan,us USA,DFFW,Portland,19,1998,11,6,516,0,0,0,0,0,0,0,0,0,0,0,0,0,0.4,0,0.07,0.07,0,0.07
190,Andrew Farrell\Andrew-Farrell,us USA,DF,New England,25,1992,31,30,2701,2,2,0,0,2,0,0.07,0.07,0.13,0.07,0.13,0.7,0.7,2.1,0.02,0.07,0.09,0.02,0.09
191,Benny Feilhaber\Benny-Feilhaber,us USA,MF,Los Angeles FC,33,1985,34,32,2796,3,2,0,0,5,0,0.1,0.06,0.16,0.1,0.16,1.6,1.6,4.6,0.05,0.15,0.2,0.05,0.2
192,Felipe\Felipe,br BRA,MF,Vancouver,27,1990,29,24,2204,1,2,0,0,4,0,0.04,0.08,0.12,0.04,0.12,1.4,1.4,3.7,0.06,0.15,0.21,0.06,0.21
193,Luis Felipe\Luis-Felipe,br BRA,MF,San Jose,22,1996,13,11,974,0,1,0,0,4,0,0,0.09,0.09,0,0.09,0.3,0.3,0.3,0.03,0.03,0.05,0.03,0.05
194,Rolf Feltscher\Rolf-Feltscher,ve VEN,DF,LA Galaxy,27,1990,15,15,1293,1,3,0,0,6,0,0.07,0.21,0.28,0.07,0.28,0.2,0.2,1.5,0.01,0.11,0.12,0.01,0.12
195,Gerso Fernandes\Gerso-Fernandes,gw GNB,FW,Sporting KC,26,1991,31,17,1598,5,4,0,0,1,0,0.28,0.23,0.51,0.28,0.51,5.5,5.5,4,0.31,0.22,0.53,0.31,0.53
196,Luiz Fernando\Luiz-Fernando,br BRA,MF,Minnesota,22,1995,11,6,577,0,0,0,0,7,1,0,0,0,0,0,0.1,0.1,0.1,0.02,0.02,0.04,0.02,0.04
197,Jesus Ferreira\Jesus-Ferreira,us USA,FW,FC Dallas,17,2000,1,0,4,0,0,0,0,0,0,0,0,0,0,0,0.3,0.3,0,6.15,0,6.15,6.15,6.15
198,Maynor Figueroa\Maynor-Figueroa,hn HON,DF,FC Dallas,34,1983,16,11,1010,1,0,0,0,2,0,0.09,0,0.09,0.09,0.09,0.6,0.6,0.2,0.06,0.01,0.07,0.06,0.07
199,Ethan Finlay\Ethan-Finlay,us USA,FW,Minnesota,27,1990,7,7,569,2,1,0,0,0,0,0.32,0.16,0.47,0.32,0.47,2,2,1,0.32,0.16,0.48,0.32,0.48
200,Oniel Fisher\Oniel-Fisher,jm JAM,DF,D.C. United,26,1991,24,20,1832,1,1,0,0,3,0,0.05,0.05,0.1,0.05,0.1,1.1,1.1,1.4,0.05,0.07,0.12,0.05,0.12
201,Andrés Flores\Andres-Flores,sv SLV,MF,Portland,27,1990,26,11,1171,1,2,0,0,1,0,0.08,0.15,0.23,0.08,0.23,1.7,1.7,1.4,0.13,0.11,0.24,0.13,0.24
202,Anthony Fontana\Anthony-Fontana,us USA,MF,Philadelphia,18,1999,5,1,102,1,0,0,0,0,0,0.88,0,0.88,0.88,0.88,0.8,0.8,0.3,0.69,0.26,0.95,0.69,0.95
203,Andreu Fontàs\Andreu-Fontas,es ESP,DF,Sporting KC,28,1989,2,1,93,0,0,0,0,0,0,0,0,0,0,0,0,0,0,0,0,0,0,0
204,Kortne Ford\Kortne-Ford,us USA,DF,Colorado,22,1996,15,14,1138,0,0,0,0,7,0,0,0,0,0,0,0.3,0.3,0.1,0.02,0.01,0.03,0.02,0.03
205,Waylon Francis\Waylon-Francis,cr CRC,DFFW,Seattle,27,1990,11,5,585,0,0,0,0,1,0,0,0,0,0,0,0,0,1.1,0.01,0.17,0.18,0.01,0.18
206,Sean Franklin\Sean-Franklin,us USA,DF,Vancouver,32,1985,11,9,833,0,0,0,0,0,0,0,0,0,0,0,0,0,0.9,0,0.1,0.1,0,0.1
207,Liam Fraser\Liam-Fraser,ca CAN,MFFW,Toronto FC,19,1998,10,7,614,0,0,0,0,2,0,0,0,0,0,0,0.1,0.1,0,0.02,0.01,0.03,0.02,0.03
208,Stefan Frei\Stefan-Frei,ch SUI,GK,Seattle,31,1986,33,33,2970,0,0,0,0,1,0,0,0,0,0,0,0,0,0,0,0,0,0,0
209,Alejandro Fuenmayor\Alejandro-Fuenmayor,ve VEN,DF,Houston,21,1996,22,21,1762,3,1,0,0,7,1,0.15,0.05,0.2,0.15,0.2,1.1,1.1,0.3,0.06,0.01,0.07,0.06,0.07
210,Gilbert Fuentes\Gilbert-Fuentes,us USA,MF,San Jose,15,2002,1,0,2,0,0,0,0,0,0,0,0,0,0,0,0,0,0,0,0,0,0,0
211,Omar Gaber\Omar-Gaber,eg EGY,FWDF,Los Angeles FC,26,1992,7,2,258,0,0,0,0,1,0,0,0,0,0,0,0.2,0.2,0.3,0.09,0.18,0.28,0.09,0.28
212,Ray Gaddis\Ray-Gaddis,us USA,DF,Philadelphia,28,1990,28,25,2299,0,1,0,0,1,0,0,0.04,0.04,0,0.04,0.7,0.7,0.6,0.03,0.02,0.05,0.03,0.05
213,Boniek García\Boniek-Garcia,hn HON,MF,Houston,33,1984,29,21,2064,1,6,0,0,7,0,0.04,0.26,0.31,0.04,0.31,0.2,0.2,5.1,0.01,0.22,0.23,0.01,0.23
214,Kevin Garcia\Kevin-Garcia,us USA,DF,Houston,27,1990,15,11,1103,1,0,0,0,0,0,0.08,0,0.08,0.08,0.08,0.2,0.2,0.4,0.01,0.03,0.05,0.01,0.05
215,Greg Garza\Greg-Garza,us USA,DFMF,Atlanta,26,1991,11,10,926,1,1,0,0,2,1,0.1,0.1,0.19,0.1,0.19,0.7,0.7,1,0.07,0.1,0.17,0.07,0.17
216,Shkëlzen Gashi\Shkelzen-Gashi,al ALB,FWMF,Colorado,29,1988,21,9,818,2,2,1,1,3,0,0.22,0.22,0.44,0.11,0.33,3.3,2.6,1.9,0.37,0.2,0.57,0.28,0.49
217,Ali Ghazal\Ali-Ghazal,eg EGY,MFDF,Vancouver,25,1992,22,17,1444,0,0,0,0,2,0,0,0,0,0,0,0.7,0.7,0.1,0.04,0.01,0.05,0.04,0.05
218,Luis Gil\Luis-Gil,us USA,MFFW,Houston,24,1993,12,3,279,0,0,0,0,1,0,0,0,0,0,0,0.6,0.6,0.1,0.2,0.02,0.22,0.2,0.22
219,Sebastian Giovinco\Sebastian-Giovinco,it ITA,FW,Toronto FC,31,1987,28,26,2385,13,7,1,4,5,1,0.49,0.26,0.75,0.45,0.72,15.1,12.1,7.3,0.57,0.27,0.84,0.45,0.73
220,Justen Glad\Justen-Glad,us USA,DF,Real Salt Lake,20,1997,33,33,2909,0,0,0,0,6,0,0,0,0,0,0,0.9,0.9,0.4,0.03,0.01,0.04,0.03,0.04
221,Jake Gleeson\Jake-Gleeson,nz NZL,GK,Portland,27,1990,6,6,540,0,0,0,0,1,0,0,0,0,0,0,0,0,0,0,0,0,0,0
222,Aníbal Godoy\Anibal-Godoy,pa PAN,MF,San Jose,27,1990,27,27,2344,0,1,0,0,8,0,0,0.04,0.04,0,0.04,0.7,0.7,0.8,0.03,0.03,0.06,0.03,0.06
223,Alexi Gómez\Alexi-Gomez,pe PER,FWMF,Minnesota,24,1993,18,16,1316,0,0,0,0,4,0,0,0,0,0,0,0.9,0.9,0.6,0.06,0.04,0.1,0.06,0.1
224,Leandro González Pirez\Leandro-Gonzalez-Pirez,ar ARG,DF,Atlanta,25,1992,32,32,2772,1,1,0,0,9,1,0.03,0.03,0.06,0.03,0.06,2,2,0.9,0.06,0.03,0.09,0.06,0.09
225,Jesse Gonzalez\Jesse-Gonzalez,mx MEX,GK,FC Dallas,22,1995,21,21,1890,0,0,0,0,5,0,0,0,0,0,0,0,0,0,0,0,0,0,0
226,Alan Gordon\Alan-Gordon,us USA,FW,Chicago,36,1981,23,7,835,4,0,0,0,2,0,0.43,0,0.43,0.43,0.43,2.5,2.5,0.1,0.27,0.01,0.28,0.27,0.28
227,Mike Grella\Mike-Grella,us USA,FW,Columbus,31,1987,12,5,483,1,1,0,0,1,0,0.19,0.19,0.37,0.19,0.37,0.8,0.8,1.2,0.15,0.23,0.38,0.15,0.38
228,Julian Gressel\Julian-Gressel,de GER,MFDF,Atlanta,24,1993,33,33,2942,4,12,0,0,3,0,0.12,0.37,0.49,0.12,0.49,4.4,4.4,7.9,0.14,0.24,0.38,0.14,0.38
229,Adam Grinwis\Adam-Grinwis,us USA,GK,Orlando City,25,1992,5,5,450,0,0,0,0,0,0,0,0,0,0,0,0,0,0,0,0,0,0,0
230,Carlos Gruezo\Carlos-Gruezo,ec ECU,MF,FC Dallas,22,1995,31,28,2509,2,1,0,0,8,0,0.07,0.04,0.11,0.07,0.11,2.8,2.8,0.9,0.1,0.03,0.14,0.1,0.14
231,Felipe Gutiérrez\Felipe-Gutierrez,cl CHI,MF,Sporting KC,27,1990,20,18,1517,7,1,0,0,3,0,0.42,0.06,0.47,0.42,0.47,3.2,3.2,1.6,0.2,0.1,0.3,0.2,0.3
232,Brad Guzan\Brad-Guzan,us USA,GK,Atlanta,33,1984,33,33,2913,0,0,0,0,3,1,0,0,0,0,0,0,0,0.1,0,0,0,0,0
233,David Guzmán\David-Guzman,cr CRC,MF,Portland,27,1990,14,11,968,3,0,0,0,5,0,0.28,0,0.28,0.28,0.28,1.2,1.2,0.7,0.11,0.07,0.18,0.11,0.18
234,Nick Hagglund\Nick-Hagglund,us USA,DF,Toronto FC,25,1992,20,15,1432,3,0,0,0,1,0,0.19,0,0.19,0.19,0.19,0.8,0.8,0.2,0.05,0.01,0.06,0.05,0.06
235,Marlon Hairston\Marlon-Hairston,us USA,DFMF,Colorado,23,1994,15,13,1104,0,1,0,0,1,0,0,0.08,0.08,0,0.08,0.3,0.3,0.9,0.03,0.07,0.1,0.03,0.1
236,Bill Hamid\Bill-Hamid,us USA,GK,D.C. United,27,1990,14,14,1260,0,0,0,0,0,0,0,0,0,0,0,0,0,0,0,0,0,0,0
237,Jordan Hamilton\Jordan-Hamilton,ca CAN,FWMF,Toronto FC,21,1996,14,10,862,2,1,0,0,1,0,0.21,0.1,0.31,0.21,0.31,3.9,3.9,1,0.41,0.1,0.51,0.41,0.51
238,Niko Hansen\Niko-Hansen,dk DEN,FW,Columbus,23,1994,22,11,1030,3,2,0,0,1,0,0.26,0.17,0.44,0.26,0.44,3.2,3.2,1.7,0.28,0.15,0.43,0.28,0.43
239,Ian Harkes\Ian-Harkes,us USA,MFFW,D.C. United,22,1995,8,4,352,0,0,0,0,0,0,0,0,0,0,0,0,0,0,0,0,0,0,0
240,Jordan Harvey\Jordan-Harvey,us USA,DF,Los Angeles FC,34,1984,29,23,2140,0,0,0,0,3,1,0,0,0,0,0,0.4,0.4,1.5,0.02,0.06,0.08,0.02,0.08
241,Nicolas Hasler\Nicolas-Hasler,li LIE,DFMF,Toronto FC,26,1991,14,11,943,0,3,0,0,0,0,0,0.29,0.29,0,0.29,1.3,1.3,1.2,0.12,0.11,0.24,0.12,0.24
242,Nicolas Hasler\Nicolas-Hasler,li LIE,DFMF,Chicago,26,1991,10,8,779,0,0,0,0,0,0,0,0,0,0,0,0.3,0.3,0.7,0.04,0.08,0.12,0.04,0.12
243,Guillermo Hauché\Guillermo-Hauche,ar ARG,FWDF,New England,24,1993,4,2,174,0,0,0,0,1,0,0,0,0,0,0,0,0,0,0.02,0.01,0.03,0.02,0.03
244,Jacori Hayes\Jacori-Hayes,us USA,MF,FC Dallas,22,1995,16,10,999,1,1,0,0,2,0,0.09,0.09,0.18,0.09,0.18,0.7,0.7,0.9,0.06,0.08,0.15,0.06,0.15
245,Harrison Heath\Harrison-Heath,us USA,MF,Minnesota,21,1996,4,1,124,0,0,0,0,2,1,0,0,0,0,0,0,0,0,0.03,0,0.03,0.03,0.03
246,Matt Hedges\Matt-Hedges,us USA,DF,FC Dallas,27,1990,33,33,2925,2,0,0,0,8,0,0.06,0,0.06,0.06,0.06,2.2,2.2,0.4,0.07,0.01,0.08,0.07,0.08
247,Adam Henley\Adam-Henley,wal WAL,DFFW,Real Salt Lake,23,1994,5,2,262,0,0,0,0,1,0,0,0,0,0,0,0,0,0,0.01,0,0.01,0.01,0.01
248,Doneil Henry\Doneil-Henry,ca CAN,DF,Vancouver,24,1993,14,14,1260,0,0,0,0,1,0,0,0,0,0,0,0.6,0.6,0,0.04,0,0.04,0.04,0.04
249,Fabian Herbers\Fabian-Herbers,de GER,FWMF,Philadelphia,24,1993,9,5,428,0,0,0,0,0,0,0,0,0,0,0,0.3,0.3,0.4,0.07,0.09,0.16,0.07,0.16
250,Zachary Herivaux\Zachary-Herivaux,ht HAI,MFDF,New England,21,1996,5,2,158,0,0,0,0,1,0,0,0,0,0,0,0,0,0,0,0,0,0,0
251,Jason Hernandez\Jason-Hernandez,pr PUR,DF,Toronto FC,34,1983,10,7,534,0,0,0,0,2,0,0,0,0,0,0,0,0,0,0,0,0,0,0
252,José Hernández\Jose-Hernandez,ve VEN,DF,Atlanta,20,1997,1,0,18,0,0,0,0,0,0,0,0,0,0,0,0,0,0,0,0,0,0,0
253,Aaron Herrera\Aaron-Herrera,us USA,DF,Real Salt Lake,20,1997,16,14,1235,0,0,0,0,2,0,0,0,0,0,0,0,0,0.3,0,0.02,0.02,0,0.02
254,Yangel Herrera\Yangel-Herrera,ve VEN,MF,NYCFC,20,1998,15,13,1111,0,2,0,0,4,0,0,0.16,0.16,0,0.16,1.6,1.6,0.5,0.14,0.04,0.19,0.14,0.19
255,Federico Higuaín\Federico-Higuain,ar ARG,MF,Columbus,33,1984,30,27,2373,6,6,3,3,5,1,0.23,0.23,0.46,0.11,0.34,6.5,4.2,7.4,0.25,0.28,0.53,0.16,0.44
256,Cristian Higuita\Cristian-Higuita,co COL,MF,Orlando City,24,1994,21,18,1354,4,0,0,0,6,1,0.27,0,0.27,0.27,0.27,1.4,1.4,1,0.09,0.07,0.16,0.09,0.16
257,Tomas Hilliard-Arce\Tomas-Hilliard-Arce,us USA,DF,LA Galaxy,22,1995,5,4,302,0,0,0,0,0,0,0,0,0,0,0,0.1,0.1,0,0.02,0,0.02,0.02,0.02
258,Danny Hoesen\Danny-Hoesen,nl NED,FW,San Jose,27,1991,34,29,2484,12,3,0,0,1,0,0.43,0.11,0.54,0.43,0.54,8.6,8.6,2.6,0.31,0.09,0.41,0.31,0.41
259,Ryan Hollingshead\Ryan-Hollingshead,us USA,DF,FC Dallas,26,1991,18,7,775,1,2,0,0,0,0,0.12,0.23,0.35,0.12,0.35,0.7,0.7,1.2,0.09,0.14,0.23,0.09,0.23
260,David Horst\David-Horst,us USA,DF,Real Salt Lake,32,1985,5,3,313,0,0,0,0,0,0,0,0,0,0,0,0.2,0.2,0.1,0.06,0.03,0.09,0.06,0.09
261,André Horta\Andre-Horta,pt POR,MF,Los Angeles FC,21,1996,11,3,325,0,0,0,0,0,0,0,0,0,0,0,0.7,0.7,0.2,0.19,0.05,0.24,0.19,0.24
262,Cédric Hountondji\Cedric-Hountondji,bj BEN,FW,NYCFC,24,1994,1,0,1,0,0,0,0,0,0,0,0,0,0,0,0,0,0,0,0,0,0,0
263,Tim Howard\Tim-Howard,us USA,GK,Colorado,38,1979,33,33,2899,0,0,0,0,1,1,0,0,0,0,0,0,0,0.1,0,0,0,0,0
264,Erik Hurtado\Erik-Hurtado,us USA,FWMF,Vancouver,27,1990,12,4,488,2,1,0,0,0,0,0.37,0.18,0.55,0.37,0.55,1.2,1.2,0.4,0.22,0.07,0.29,0.22,0.29
265,Baggio Husidić\Baggio-Husidic,ba BIH,MFFW,LA Galaxy,30,1987,7,1,211,0,0,0,0,1,0,0,0,0,0,0,0,0,0,0.01,0,0.01,0.01,0.01
266,Jahmir Hyka\Jahmir-Hyka,al ALB,MFFW,San Jose,29,1988,19,11,912,3,0,0,0,0,0,0.3,0,0.3,0.3,0.3,1.4,1.4,1.3,0.14,0.13,0.26,0.14,0.26
267,Miguel Ibarra\Miguel-Ibarra,us USA,FWMF,Minnesota,27,1990,33,31,2710,7,7,0,0,4,1,0.23,0.23,0.46,0.23,0.46,6.3,6.3,6.9,0.21,0.23,0.44,0.21,0.44
268,Romario Ibarra\Romario-Ibarra,ec ECU,FWMF,Minnesota,23,1994,9,2,277,3,0,0,0,0,0,0.97,0,0.97,0.97,0.97,2.5,2.5,0.1,0.82,0.03,0.85,0.82,0.85
269,Sebastien Ibeagha\Sebastien-Ibeagha,us USA,DF,NYCFC,26,1992,26,18,1724,0,0,0,0,1,0,0,0,0,0,0,0.4,0.4,0,0.02,0,0.02,0.02,0.02
270,Bernie Ibini-Isei\Bernie-Ibini-Isei,au AUS,MFFW,Vancouver,25,1992,8,6,418,0,1,0,0,0,0,0,0.22,0.22,0,0.22,0.4,0.4,0.4,0.08,0.08,0.16,0.08,0.16
271,Zlatan Ibrahimović\Zlatan-Ibrahimovic,se SWE,FW,LA Galaxy,36,1981,27,24,2142,22,6,4,4,5,1,0.92,0.25,1.18,0.76,1.01,13.6,10.6,3.9,0.57,0.17,0.74,0.44,0.61
272,Ibson\Ibson,br BRA,MF,Minnesota,34,1983,27,23,2100,4,1,0,0,5,0,0.17,0.04,0.21,0.17,0.21,3.3,3.3,1.5,0.14,0.07,0.21,0.14,0.21
273,Ilsinho\Ilsinho,br BRA,FWMF,Philadelphia,32,1985,23,9,989,6,2,1,1,1,0,0.55,0.18,0.73,0.46,0.64,2.1,1.4,1.5,0.19,0.13,0.33,0.12,0.26
274,Jo Inge Berget\Jo-Inge-Berget,no NOR,FW,NYCFC,27,1990,23,19,1560,4,3,0,0,1,0,0.23,0.17,0.4,0.23,0.4,5.6,5.6,2.5,0.34,0.16,0.5,0.34,0.5
275,Clint Irwin\Clint-Irwin,us USA,GK,Toronto FC,28,1989,7,7,630,0,0,0,0,0,0,0,0,0,0,0,0,0,0,0,0,0,0,0
276,Andreas Ivan\Andreas-Ivan,ro ROU,FW,NY Red Bulls,23,1995,9,1,192,0,0,0,0,3,0,0,0,0,0,0,0.2,0.2,0.7,0.1,0.33,0.44,0.1,0.44
277,R. J. Allen\R-J-Allen,us USA,DF,Orlando City,27,1990,18,10,971,0,1,0,0,2,0,0,0.09,0.09,0,0.09,0.2,0.2,1.1,0.01,0.1,0.11,0.01,0.11
278,Niki Jackson\Niki-Jackson,us USA,FWMF,Colorado,22,1995,15,1,441,3,0,0,0,4,1,0.61,0,0.61,0.61,0.61,1.6,1.6,0.1,0.32,0.02,0.34,0.32,0.34
279,Anthony Jackson-Hamel\Anthony-Jackson-Hamel,ca CAN,FW,Montreal,24,1993,16,6,584,2,0,0,0,0,0,0.31,0,0.31,0.31,0.31,2,2,0.3,0.31,0.05,0.36,0.31,0.36
280,Modou Jadama\Modou-Jadama,us USA,DF,Portland,23,1994,1,0,28,0,0,0,0,0,0,0,0,0,0,0,0.1,0.1,0,0.18,0,0.18,0.18,0.18
281,Adam Jahn\Adam-Jahn,us USA,FWMF,Columbus,27,1991,8,0,75,0,0,0,0,0,0,0,0,0,0,0,0.2,0.2,0,0.2,0.02,0.23,0.2,0.23
282,Dejan Jakovic\Dejan-Jakovic,ca CAN,DF,Los Angeles FC,32,1985,15,13,1148,0,0,0,0,2,1,0,0,0,0,0,0.4,0.4,0,0.03,0,0.03,0.03,0.03
283,Bradford Jamieson IV\Bradford-Jamieson-IV,us USA,MFFW,LA Galaxy,21,1996,6,3,272,0,0,0,0,1,0,0,0,0,0,0,0.8,0.8,0.2,0.25,0.05,0.3,0.25,0.3
284,Lucas Janson\Lucas-Janson,ar ARG,FWMF,Toronto FC,23,1994,11,8,818,4,2,0,0,0,0,0.44,0.22,0.66,0.44,0.66,4.1,4.1,1.4,0.45,0.15,0.6,0.45,0.6
285,Jared Jeffrey\Jared-Jeffrey,us USA,MFFW,D.C. United,27,1990,2,0,2,0,0,0,0,0,0,0,0,0,0,0,0,0,0,0,0,0,0,0
286,Hector Jiménez\Hector-Jimenez,us USA,DF,Columbus,29,1988,11,7,657,0,0,0,0,0,0,0,0,0,0,0,0.1,0.1,0.2,0.02,0.03,0.05,0.02,0.05
287,Daniel Johnson\Daniel-Johnson,us USA,DFFW,Chicago,22,1995,7,3,262,0,0,0,0,0,0,0,0,0,0,0,0.1,0.1,0,0.04,0.01,0.05,0.04,0.05
288,Sean Johnson\Sean-Johnson,us USA,GK,NYCFC,28,1989,32,32,2880,0,0,0,0,3,0,0,0,0,0,0,0,0,0,0,0,0,0,0
289,Will Johnson\Will-Johnson,ca CAN,MFDF,Orlando City,31,1987,28,26,2187,1,1,0,0,7,0,0.04,0.04,0.08,0.04,0.08,2.9,2.9,0.8,0.12,0.03,0.15,0.12,0.15
290,Derrick Jones\Derrick-Jones,us USA,MF,Philadelphia,20,1997,12,3,393,0,0,0,0,2,0,0,0,0,0,0,0.2,0.2,0.1,0.05,0.01,0.06,0.05,0.06
291,Marcel de Jong\Marcel-de-Jong,ca CAN,DF,Vancouver,31,1986,19,17,1389,0,2,0,0,3,0,0,0.13,0.13,0,0.13,0.2,0.2,1.3,0.01,0.09,0.1,0.01,0.1
292,Efraín Juárez\Efrain-Juarez,mx MEX,MF,Vancouver,29,1988,16,14,1157,0,1,0,0,4,2,0,0.08,0.08,0,0.08,0.7,0.7,1.3,0.05,0.1,0.15,0.05,0.15
293,Florian Jungwirth\Florian-Jungwirth,de GER,DFMF,San Jose,29,1989,31,27,2401,3,4,0,0,4,0,0.11,0.15,0.26,0.11,0.26,2.1,2.1,1.7,0.08,0.07,0.14,0.08,0.14
294,Kaku\Kaku,py PAR,MF,NY Red Bulls,23,1995,30,29,2410,6,10,2,3,5,0,0.22,0.37,0.6,0.15,0.52,5.5,3.3,6.1,0.21,0.23,0.44,0.12,0.35
295,Brent Kallman\Brent-Kallman,us USA,DF,Minnesota,27,1990,24,22,1953,0,0,0,0,0,0,0,0,0,0,0,0.8,0.8,0.4,0.04,0.02,0.05,0.04,0.05
296,Kei Kamara\Kei-Kamara,sl SLE,FW,Vancouver,33,1984,28,24,2165,14,5,3,3,5,0,0.58,0.21,0.79,0.46,0.67,15,12.7,2.7,0.62,0.11,0.73,0.53,0.64
297,Ola Kamara\Ola-Kamara,no NOR,FW,LA Galaxy,28,1989,31,30,2689,14,2,0,0,2,0,0.47,0.07,0.54,0.47,0.54,12.8,12.8,4.6,0.43,0.15,0.58,0.43,0.58
298,Alec Kann\Alec-Kann,us USA,GK,Atlanta,27,1990,1,1,90,0,0,0,0,0,0,0,0,0,0,0,0,0,0,0,0,0,0,0
299,Johan Kappelhof\Johan-Kappelhof,nl NED,DF,Chicago,27,1990,29,29,2603,0,2,0,0,9,1,0,0.07,0.07,0,0.07,0.2,0.2,0.3,0.01,0.01,0.02,0.01,0.02
300,Guram Kashia\Guram-Kashia,ge GEO,DF,San Jose,30,1987,12,12,1080,0,0,0,0,3,0,0,0,0,0,0,0.4,0.4,0.2,0.03,0.02,0.05,0.03,0.05
301,Aleksandar Katai\Aleksandar-Katai,rs SRB,FWMF,Chicago,26,1991,33,27,2426,12,3,0,0,6,0,0.45,0.11,0.56,0.45,0.56,7.5,7.5,4.8,0.28,0.18,0.46,0.28,0.46
302,Mark-Anthony Kaye\Mark-Anthony-Kaye,ca CAN,MF,Los Angeles FC,23,1994,20,20,1573,2,3,0,0,3,0,0.11,0.17,0.29,0.11,0.29,1.8,1.8,3.2,0.11,0.19,0.3,0.11,0.3
303,Kim Kee-hee\Kim-Kee-hee,kr KOR,DF,Seattle,28,1989,29,28,2442,0,0,0,0,4,0,0,0,0,0,0,0.5,0.5,0.8,0.02,0.03,0.05,0.02,0.05
304,Dane Kelly\Dane-Kelly,jm JAM,MF,D.C. United,26,1991,1,0,4,0,0,0,0,0,0,0,0,0,0,0,0,0,0,0,0,0,0,0
305,Jon Kempin\Jon-Kempin,us USA,GK,Columbus,24,1993,5,5,450,0,0,0,0,0,0,0,0,0,0,0,0,0,0,0,0,0,0,0
306,Perry Kitchen\Perry-Kitchen,us USA,MF,LA Galaxy,25,1992,31,27,2337,0,0,0,0,7,0,0,0,0,0,0,0.7,0.7,0.2,0.03,0.01,0.03,0.03,0.03
307,Emrah Klimenta\Emrah-Klimenta,me MNE,DF,LA Galaxy,26,1991,2,2,156,0,0,0,0,0,0,0,0,0,0,0,0,0,0,0,0,0,0,0
308,Sacha Kljestan\Sacha-Kljestan,us USA,MFFW,Orlando City,32,1985,30,29,2518,6,5,2,3,4,0,0.21,0.18,0.39,0.14,0.32,6.5,4.2,6.4,0.23,0.23,0.46,0.15,0.38
309,Brad Knighton\Brad-Knighton,us USA,GK,New England,32,1985,7,7,630,0,0,0,0,0,0,0,0,0,0,0,0,0,0,0,0,0,0,0
310,Aaron Kovar\Aaron-Kovar,us USA,FWMF,Los Angeles FC,24,1993,11,7,522,0,2,0,0,0,0,0,0.34,0.34,0,0.34,1.3,1.3,1.1,0.22,0.19,0.4,0.22,0.4
311,Kevin Kratz\Kevin-Kratz,de GER,MFFW,Atlanta,31,1987,27,2,519,2,0,0,0,0,0,0.35,0,0.35,0.35,0.35,1,1,0.5,0.18,0.08,0.26,0.18,0.26
312,Damir Kreilach\Damir-Kreilach,hr CRO,MFFW,Real Salt Lake,28,1989,33,31,2779,12,4,0,0,5,0,0.39,0.13,0.52,0.39,0.52,8.9,8.9,2.3,0.29,0.07,0.36,0.29,0.36
313,Ken Krolicki\Ken-Krolicki,us USA,MF,Montreal,21,1996,24,18,1585,0,0,0,0,5,0,0,0,0,0,0,1.1,1.1,0.5,0.06,0.03,0.09,0.06,0.09
314,Ethan Kutler\Ethan-Kutler,us USA,DF,NY Red Bulls,22,1995,4,1,102,0,1,0,0,0,0,0,0.88,0.88,0,0.88,0,0,0.5,0.04,0.42,0.46,0.04,0.46
315,Wan Kuzain\Wan-Kuzain,my MAS,MF,Sporting KC,19,1998,6,3,310,1,0,0,0,1,0,0.29,0,0.29,0.29,0.29,0.4,0.4,0,0.1,0,0.1,0.1,0.1
316,Connor Lade\Connor-Lade,us USA,DF,NY Red Bulls,28,1989,21,15,1318,0,1,0,0,3,0,0,0.07,0.07,0,0.07,0.3,0.3,2.3,0.02,0.16,0.18,0.02,0.18
317,Roland Lamah\Roland-Lamah,be BEL,FWMF,FC Dallas,30,1987,29,21,1859,8,5,0,1,4,0,0.39,0.24,0.63,0.39,0.63,5.3,4.6,4.1,0.26,0.2,0.46,0.22,0.42
318,Matt Lampson\Matt-Lampson,us USA,GK,Minnesota,28,1989,9,9,810,0,0,0,0,0,0,0,0,0,0,0,0,0,0,0,0,0,0,0
319,Jeff Larentowicz\Jeff-Larentowicz,us USA,MFDF,Atlanta,34,1983,34,33,2769,1,2,0,0,6,0,0.03,0.07,0.1,0.03,0.1,1.5,1.5,0.3,0.05,0.01,0.06,0.05,0.06
320,Richie Laryea\Richie-Laryea,ca CAN,MFFW,Orlando City,23,1995,9,2,258,0,0,0,0,2,0,0,0,0,0,0,0.3,0.3,0.2,0.11,0.08,0.2,0.11,0.2
321,Ariel Lassiter\Ariel-Lassiter,cr CRC,FW,LA Galaxy,23,1994,7,1,92,0,0,0,0,0,0,0,0,0,0,0,0.5,0.5,0,0.47,0.04,0.5,0.47,0.5
322,Kemar Lawrence\Kemar-Lawrence,jm JAM,DF,NY Red Bulls,25,1992,28,27,2436,2,1,0,0,1,0,0.07,0.04,0.11,0.07,0.11,0.7,0.7,1.6,0.02,0.06,0.08,0.02,0.08
323,Kelvin Leerdam\Kelvin-Leerdam,nl NED,DF,Seattle,27,1990,26,24,1957,0,4,0,0,4,1,0,0.18,0.18,0,0.18,0.4,0.4,2.9,0.02,0.14,0.15,0.02,0.15
324,Michael de Leeuw\Michael-de-Leeuw,nl NED,FWMF,Chicago,31,1986,9,5,451,2,1,0,0,1,0,0.4,0.2,0.6,0.4,0.6,2.3,2.3,0.5,0.47,0.1,0.57,0.47,0.57
325,Brooks Lennon\Brooks-Lennon,us USA,DF,Real Salt Lake,20,1997,33,32,2847,0,4,0,0,7,0,0,0.13,0.13,0,0.13,0.4,0.4,3.2,0.01,0.1,0.11,0.01,0.11
326,Leonardo\Leonardo,br BRA,DF,Houston,29,1988,24,19,1773,1,0,0,0,4,0,0.05,0,0.05,0.05,0.05,0.2,0.2,0.1,0.01,0,0.01,0.01,0.01
327,Brett Levis\Brett-Levis,ca CAN,DF,Vancouver,24,1993,14,13,953,0,0,0,0,0,0,0,0,0,0,0,0,0,0.5,0,0.05,0.05,0,0.05
328,Jonathan Lewis\Jonathan-Lewis,us USA,FWMF,NYCFC,20,1997,14,0,232,1,2,0,0,0,0,0.39,0.78,1.16,0.39,1.16,1,1,1.7,0.39,0.67,1.06,0.39,1.06
329,Grant Lillard\Grant-Lillard,us USA,DF,Chicago,22,1995,8,6,564,0,0,0,0,1,0,0,0,0,0,0,0,0,0,0,0,0,0,0
330,Nick Lima\Nick-Lima,us USA,DF,San Jose,23,1994,34,34,3048,2,2,0,0,2,0,0.06,0.06,0.12,0.06,0.12,0.5,0.5,3,0.02,0.09,0.1,0.02,0.1
331,Cameron Lindley\Cameron-Lindley,us USA,MF,Orlando City,20,1997,3,3,200,0,0,0,0,1,0,0,0,0,0,0,0,0,0.1,0.02,0.03,0.05,0.02,0.05
332,Jaylin Lindsey\Jaylin-Lindsey,us USA,DF,Sporting KC,17,2000,7,6,554,0,0,0,0,0,0,0,0,0,0,0,0.4,0.4,0.5,0.06,0.07,0.14,0.06,0.14
333,Sebastian Lletget\Sebastian-Lletget,us USA,MF,LA Galaxy,25,1992,28,21,1878,3,1,0,0,2,0,0.14,0.05,0.19,0.14,0.19,2.6,2.6,2.3,0.12,0.11,0.24,0.12,0.24
334,Cristian Lobato\Cristian-Lobato,es ESP,DFFW,Sporting KC,28,1989,7,3,328,2,0,0,0,0,0,0.55,0,0.55,0.55,0.55,1.2,1.2,0.4,0.33,0.11,0.44,0.33,0.44
335,Nicolás Lodeiro\Nicolas-Lodeiro,uy URU,MFFW,Seattle,28,1989,27,27,2428,8,12,5,5,3,0,0.3,0.44,0.74,0.11,0.56,6.5,2.7,10,0.24,0.37,0.61,0.1,0.47
336,Aaron Long\Aaron-Long,us USA,DF,NY Red Bulls,25,1992,34,31,2808,3,1,0,0,1,0,0.1,0.03,0.13,0.1,0.13,1.7,1.7,0.4,0.05,0.01,0.07,0.05,0.07
337,Luis López Fernández\Luis-Lopez-Fernandez,hn HON,GK,Los Angeles FC,24,1993,1,1,90,0,0,0,0,0,0,0,0,0,0,0,0,0,0,0,0,0,0,0
338,Ricky Lopez-Espin\Ricky-Lopez-Espin,us USA,FW,Real Salt Lake,22,1995,1,0,23,0,0,0,0,0,0,0,0,0,0,0,0.1,0.1,0,0.34,0,0.34,0.34,0.34
339,Daniel Lovitz\Daniel-Lovitz,us USA,DF,Montreal,26,1991,31,29,2650,1,3,0,0,3,1,0.03,0.1,0.14,0.03,0.14,1.3,1.3,3.4,0.04,0.11,0.16,0.04,0.16
340,Jorge Luis Corrales\Jorge-Luis-Corrales,cu CUB,DF,Chicago,26,1991,17,15,1293,0,0,0,0,5,0,0,0,0,0,0,0.1,0.1,0.7,0.01,0.05,0.06,0.01,0.06
341,Adam Lundqvist\Adam-Lundqvist,se SWE,DF,Houston,23,1994,16,12,1202,0,0,0,0,4,0,0,0,0,0,0,0.2,0.2,1.1,0.01,0.08,0.09,0.01,0.09
342,Larrys Mabiala\Larrys-Mabiala,cd COD,DF,Portland,30,1987,31,31,2744,5,1,0,0,5,0,0.16,0.03,0.2,0.16,0.2,2.5,2.5,0.2,0.08,0.01,0.09,0.08,0.09
343,Adolfo Machado\Adolfo-Machado,pa PAN,DF,Houston,32,1985,21,18,1697,0,0,0,0,3,0,0,0,0,0,0,0.1,0.1,0.5,0.01,0.03,0.03,0.01,0.03
344,Cristhian Machado\Cristhian-Machado,bo BOL,MF,New England,27,1990,3,2,119,0,0,0,0,1,0,0,0,0,0,0,0,0,0,0,0,0,0,0
345,Zac MacMath\Zac-MacMath,us USA,GK,Colorado,26,1991,2,1,159,0,0,0,0,0,0,0,0,0,0,0,0,0,0.2,0,0.12,0.12,0,0.12
346,Calum Mallace\Calum-Mallace,sco SCO,MF,Los Angeles FC,28,1990,5,0,32,0,0,0,0,0,0,0,0,0,0,0,0,0,0.1,0.06,0.27,0.33,0.06,0.33
347,Connor Maloney\Connor-Maloney,us USA,DF,Columbus,22,1995,1,0,29,0,1,0,0,1,0,0,3.1,3.1,0,3.1,0,0,0.2,0,0.47,0.47,0,0.47
348,Michael Mancienne\Michael-Mancienne,eng ENG,DF,New England,30,1988,10,10,900,0,0,0,0,2,0,0,0,0,0,0,0.1,0.1,0,0.01,0,0.01,0.01,0.01
349,Matteo Mancosu\Matteo-Mancosu,it ITA,FW,Montreal,33,1984,20,14,1097,3,0,0,0,1,0,0.25,0,0.25,0.25,0.25,3.6,3.6,0.6,0.3,0.05,0.35,0.3,0.35
350,Carter Manley\Carter-Manley,us USA,DF,Minnesota,21,1996,8,4,505,0,1,0,0,0,0,0,0.18,0.18,0,0.18,0,0,0.1,0,0.02,0.02,0,0.02
351,Mauro Manotas\Mauro-Manotas,co COL,FW,Houston,22,1995,33,30,2627,19,0,2,2,1,0,0.65,0,0.65,0.58,0.58,15.9,14.3,4.3,0.54,0.15,0.69,0.49,0.64
352,J.T. Marcinkowski\JT-Marcinkowski,us USA,GK,San Jose,20,1997,5,5,450,0,0,0,0,0,0,0,0,0,0,0,0,0,0,0,0,0,0,0
353,Stefan Marinovic\Stefan-Marinovic,nz NZL,GK,Vancouver,26,1991,24,24,2160,0,0,0,0,3,0,0,0,0,0,0,0,0,0,0,0,0,0,0
354,Chad Marshall\Chad-Marshall,us USA,DF,Seattle,33,1984,30,30,2582,4,1,0,0,0,1,0.14,0.03,0.17,0.14,0.17,2,2,0.5,0.07,0.02,0.09,0.07,0.09
355,Collin Martin\Collin-Martin,us USA,MFFW,Minnesota,23,1994,12,5,521,0,0,0,0,2,0,0,0,0,0,0,0.2,0.2,0.2,0.03,0.04,0.07,0.03,0.07
356,Cristian Martínez\Cristian-Martinez,pa PAN,FWMF,Columbus,20,1997,14,11,835,0,2,0,0,1,0,0,0.22,0.22,0,0.22,1.3,1.3,1.2,0.14,0.12,0.26,0.14,0.26
357,Enzo Martínez\Enzo-Martinez,uy URU,MF,Colorado,27,1990,22,15,1407,0,3,0,0,4,0,0,0.19,0.19,0,0.19,0.9,0.9,1.9,0.06,0.12,0.18,0.06,0.18
358,Josef Martínez\Josef-Martinez,ve VEN,FW,Atlanta,24,1993,34,34,2886,31,5,8,9,1,0,0.97,0.16,1.12,0.72,0.87,30.1,23.2,4.7,0.94,0.15,1.08,0.72,0.87
359,Tomás Martínez\Tomas-Martinez,ar ARG,MF,Houston,22,1995,32,31,2438,5,7,0,0,5,1,0.18,0.26,0.44,0.18,0.44,6,6,4.8,0.22,0.18,0.4,0.22,0.4
360,Joe Mason\Joe-Mason,ie IRL,FWMF,Colorado,26,1991,14,9,755,3,0,0,0,2,0,0.36,0,0.36,0.36,0.36,2.8,2.8,0.3,0.34,0.04,0.37,0.34,0.37
361,Rónald Matarrita\Ronald-Matarrita,cr CRC,DFFW,NYCFC,23,1994,24,15,1370,2,1,0,0,3,1,0.13,0.07,0.2,0.13,0.2,1.9,1.9,2.4,0.13,0.16,0.28,0.13,0.28
362,Darren Mattocks\Darren-Mattocks,jm JAM,FW,D.C. United,27,1990,25,14,1273,10,0,0,1,3,0,0.71,0,0.71,0.71,0.71,8.7,7.9,1.4,0.62,0.1,0.71,0.56,0.66
363,Aaron Maund\Aaron-Maund,tt TRI,DF,Vancouver,27,1990,10,10,900,0,0,0,0,0,0,0,0,0,0,0,0.2,0.2,0,0.02,0,0.02,0.02,0.02
364,Jimmy Maurer\Jimmy-Maurer,us USA,GK,FC Dallas,29,1988,13,13,1170,0,0,0,0,1,0,0,0,0,0,0,0,0,0,0,0,0,0,0
365,Chris Mavinga\Chris-Mavinga,cd COD,DF,Toronto FC,26,1991,12,11,933,0,0,0,0,2,1,0,0,0,0,0,0.1,0.1,0,0.01,0,0.01,0.01,0.01
366,Olivier Mbaizo\Olivier-Mbaizo,cm CMR,DF,Philadelphia,20,1997,1,1,84,0,0,0,0,1,0,0,0,0,0,0,0,0,0,0,0,0,0,0
367,Jack McBean\Jack-McBean,us USA,FW,Colorado,23,1994,22,13,1058,2,1,1,1,5,0,0.17,0.09,0.26,0.09,0.17,4.1,3.3,1.2,0.34,0.11,0.45,0.28,0.39
368,Chris McCann\Chris-McCann,ie IRL,DFMF,Atlanta,30,1987,22,21,1800,1,0,0,0,5,0,0.05,0,0.05,0.05,0.05,0.9,0.9,2,0.05,0.1,0.15,0.05,0.15
369,John McCarthy\John-McCarthy,us USA,GK,Philadelphia,25,1992,1,1,90,0,0,0,0,0,0,0,0,0,0,0,0,0,0,0,0,0,0,0
370,Dax McCarty\Dax-McCarty,us USA,MF,Chicago,30,1987,26,26,2255,0,2,0,0,5,0,0,0.08,0.08,0,0.08,0.3,0.3,1.1,0.01,0.04,0.06,0.01,0.06
371,Jordan McCrary\Jordan-McCrary,us USA,DF,Seattle,24,1993,14,9,879,0,0,0,0,4,1,0,0,0,0,0,0.3,0.3,0,0.03,0,0.03,0.03,0.03
372,Mark McKenzie\Mark-McKenzie,us USA,DF,Philadelphia,18,1999,19,18,1629,0,0,0,0,4,0,0,0,0,0,0,0.8,0.8,0.3,0.04,0.02,0.06,0.04,0.06
373,Patrick McLain\Patrick-McLain,us USA,GK,Chicago,29,1988,5,5,403,0,0,0,0,0,0,0,0,0,0,0,0,0,0,0,0,0,0,0
374,Thomas McNamara\Thomas-McNamara,us USA,MFFW,NYCFC,26,1991,10,4,371,0,0,0,0,4,0,0,0,0,0,0,0.5,0.5,0.1,0.12,0.03,0.15,0.12,0.15
375,Ryan Meara\Ryan-Meara,us USA,GK,NY Red Bulls,27,1990,3,3,270,0,0,0,0,1,0,0,0,0,0,0,0,0,0,0,0,0,0,0
376,Tyrone Mears\Tyrone-Mears,jm JAM,DF,Minnesota,34,1983,11,10,882,1,0,0,0,2,0,0.1,0,0.1,0.1,0.1,0.2,0.2,0.7,0.02,0.07,0.09,0.02,0.09
377,Jesús Medina\Jesus-Medina,py PAR,FWMF,NYCFC,20,1997,28,21,2004,6,4,0,0,1,0,0.27,0.18,0.45,0.27,0.45,6.6,6.6,3.9,0.31,0.18,0.5,0.31,0.5
378,Jimmy Medranda\Jimmy-Medranda,co COL,DFMF,Sporting KC,23,1994,12,8,727,2,1,0,0,1,0,0.25,0.12,0.37,0.25,0.37,0.9,0.9,0.9,0.11,0.11,0.22,0.11,0.22
379,Haris Medunjanin\Haris-Medunjanin,ba BIH,MF,Philadelphia,32,1985,30,29,2527,2,4,0,0,6,1,0.07,0.14,0.21,0.07,0.21,2.5,2.5,5.8,0.09,0.21,0.3,0.09,0.3
380,Lucas Melano\Lucas-Melano,ar ARG,FWMF,Portland,24,1993,7,1,147,1,1,0,0,1,0,0.61,0.61,1.22,0.61,1.22,1,1,0.4,0.63,0.23,0.86,0.63,0.86
381,Tim Melia\Tim-Melia,us USA,GK,Sporting KC,31,1986,34,34,3060,0,0,0,0,2,0,0,0,0,0,0,0,0,0,0,0,0,0,0
382,Jonathan Mensah\Jonathan-Mensah,gh GHA,DF,Columbus,27,1990,27,26,2347,1,0,0,0,7,0,0.04,0,0.04,0.04,0.04,1.6,1.6,0.2,0.06,0.01,0.07,0.06,0.07
383,Justin Meram\Justin-Meram,iq IRQ,FW,Orlando City,29,1988,17,14,1269,1,2,0,1,0,0,0.07,0.14,0.21,0.07,0.21,3.9,3.1,3.3,0.27,0.23,0.51,0.22,0.46
384,Justin Meram\Justin-Meram,iq IRQ,FW,Columbus,29,1988,9,7,594,1,0,0,0,0,0,0.15,0,0.15,0.15,0.15,1.7,1.7,0.6,0.26,0.08,0.35,0.26,0.35
385,Bryan Meredith\Bryan-Meredith,us USA,GK,Seattle,28,1989,1,1,90,0,0,0,0,0,0,0,0,0,0,0,0,0,0,0,0,0,0,0
386,Nicolás Mezquida\Nicolas-Mezquida,uy URU,FWMF,Vancouver,26,1992,21,9,971,3,1,0,0,0,0,0.28,0.09,0.37,0.28,0.37,2.6,2.6,0.9,0.25,0.08,0.33,0.25,0.33
387,Djordje Mihailovic\Djordje-Mihailovic,us USA,MFFW,Chicago,19,1998,9,8,575,1,3,0,0,0,0,0.16,0.47,0.63,0.16,0.63,0.5,0.5,2,0.09,0.32,0.4,0.09,0.4
388,Eric Miller\Eric-Miller,us USA,DFMF,Minnesota,25,1993,18,13,1145,0,1,0,0,3,0,0,0.08,0.08,0,0.08,0,0,0.6,0,0.05,0.05,0,0.05
389,Tyler Miller\Tyler-Miller,us USA,GK,Los Angeles FC,24,1993,33,33,2970,0,0,0,0,3,0,0,0,0,0,0,0,0,0.1,0,0,0,0,0
390,Ben Mines\Ben-Mines,us USA,FW,NY Red Bulls,17,2000,1,1,90,1,0,0,0,1,0,1,0,1,1,1,0.4,0.4,0.1,0.38,0.05,0.43,0.38,0.43
391,Mariano Miño\Mariano-Mino,ar ARG,FWDF,Toronto FC,23,1994,1,0,26,0,0,0,0,0,0,0,0,0,0,0,0,0,0,0,0,0,0,0
392,Bruno Miranda\Bruno-Miranda,bo BOL,MF,D.C. United,19,1998,7,0,93,0,0,0,0,1,0,0,0,0,0,0,0.1,0.1,0,0.1,0,0.1,0.1,0.1
393,Kevin Molino\Kevin-Molino,tt TRI,MF,Minnesota,27,1990,2,2,139,2,1,0,0,0,0,1.29,0.65,1.94,1.29,1.94,0.4,0.4,0.4,0.26,0.27,0.53,0.26,0.53
394,Mohamed El Monir\Mohamed-El-Monir,ly LBY,DF,Orlando City,25,1992,26,23,2089,0,2,0,0,7,1,0,0.09,0.09,0,0.09,0.9,0.9,2,0.04,0.08,0.12,0.04,0.12
395,Drew Moor\Drew-Moor,us USA,DF,Toronto FC,34,1984,8,6,570,0,0,0,0,0,0,0,0,0,0,0,0,0,0,0,0,0,0,0
396,Joseph Mora\Joseph-Mora,cr CRC,DF,D.C. United,25,1993,30,28,2521,0,1,0,0,3,1,0,0.04,0.04,0,0.04,0.2,0.2,0.9,0.01,0.03,0.04,0.01,0.04
397,Maximiliano Moralez\Maximiliano-Moralez,ar ARG,MFFW,NYCFC,30,1987,32,32,2813,8,9,1,1,4,0,0.26,0.29,0.54,0.22,0.51,11,10.2,8.8,0.36,0.29,0.65,0.34,0.63
398,Junior Moreno\Junior-Moreno,ve VEN,MF,D.C. United,24,1993,20,17,1529,0,1,0,0,1,0,0,0.06,0.06,0,0.06,0.1,0.1,1.1,0.01,0.07,0.07,0.01,0.07
399,Ashtone Morgan\Ashtone-Morgan,ca CAN,DFMF,Toronto FC,26,1991,18,11,1012,0,1,0,0,3,0,0,0.09,0.09,0,0.09,0.1,0.1,0.1,0.01,0.01,0.02,0.01,0.02
400,Justin Morrow\Justin-Morrow,us USA,DFMF,Toronto FC,30,1987,21,20,1789,1,3,0,0,3,0,0.05,0.15,0.2,0.05,0.2,1.7,1.7,2.2,0.09,0.11,0.2,0.09,0.2
401,João Moutinho\Joao-Moutinho,pt POR,DF,Los Angeles FC,20,1998,14,10,871,1,0,0,0,3,1,0.1,0,0.1,0.1,0.1,0.2,0.2,0.6,0.02,0.06,0.08,0.02,0.08
402,Yura Movsisyan\Yura-Movsisyan,am ARM,FWMF,Chicago,30,1987,4,0,62,0,0,0,0,0,0,0,0,0,0,0,0,0,0,0.03,0,0.03,0.03,0.03
403,Chris Mueller\Chris-Mueller,us USA,FWMF,Orlando City,21,1996,32,23,2050,3,4,0,0,2,0,0.13,0.18,0.31,0.13,0.31,3.9,3.9,3.4,0.17,0.15,0.32,0.17,0.32
404,Luke Mulholland\Luke-Mulholland,eng ENG,MF,Real Salt Lake,29,1988,2,1,91,0,1,0,0,0,0,0,0.99,0.99,0,0.99,0,0,0.1,0,0.13,0.13,0,0.13
405,Patrick Mullins\Patrick-Mullins,us USA,MFFW,Columbus,25,1992,10,2,293,1,1,0,0,0,0,0.31,0.31,0.61,0.31,0.61,1.9,1.9,0,0.57,0,0.57,0.57,0.57
406,Patrick Mullins\Patrick-Mullins,us USA,FW,D.C. United,25,1992,10,2,230,0,1,0,0,0,0,0,0.39,0.39,0,0.39,0.1,0.1,1,0.05,0.38,0.43,0.05,0.43
407,Jordon Mutch\Jordon-Mutch,eng ENG,MFFW,Vancouver,26,1991,18,8,832,2,2,0,0,1,0,0.22,0.22,0.43,0.22,0.43,1.5,1.5,1.7,0.16,0.18,0.34,0.16,0.34
408,Alex Muyl\Alex-Muyl,us USA,FW,NY Red Bulls,22,1995,30,13,1291,3,5,0,0,6,0,0.21,0.35,0.56,0.21,0.56,3.7,3.7,3.3,0.26,0.23,0.49,0.26,0.49
409,Darlington Nagbe\Darlington-Nagbe,us USA,MF,Atlanta,27,1990,23,23,1965,0,1,0,0,0,0,0,0.05,0.05,0,0.05,0.7,0.7,2.3,0.03,0.1,0.14,0.03,0.14
410,Hassan Ndam\Hassan-Ndam,cm CMR,DF,NY Red Bulls,19,1998,1,1,90,0,0,0,0,0,0,0,0,0,0,0,0,0,0,0,0,0,0,0
411,Lamar Neagle\Lamar-Neagle,us USA,FWMF,Seattle,30,1987,6,0,115,0,0,0,0,1,0,0,0,0,0,0,0.5,0.5,0.1,0.42,0.04,0.47,0.42,0.47
412,Anton Nedyalkov\Anton-Nedyalkov,bg BUL,DF,FC Dallas,24,1993,9,9,769,0,1,0,0,1,0,0,0.12,0.12,0,0.12,0.2,0.2,0.2,0.03,0.03,0.06,0.03,0.06
413,Krisztián Németh\Krisztian-Nemeth,hu HUN,FWMF,New England,29,1989,15,4,473,0,2,0,0,1,0,0,0.38,0.38,0,0.38,1.1,1.1,0.5,0.21,0.1,0.31,0.21,0.31
414,Krisztián Németh\Krisztian-Nemeth,hu HUN,FW,Sporting KC,29,1989,9,4,388,1,1,0,0,0,0,0.23,0.23,0.46,0.23,0.46,3.4,3.4,0.6,0.78,0.14,0.92,0.78,0.92
415,Jake Nerwinski\Jake-Nerwinski,us USA,DF,Vancouver,23,1994,26,24,2214,0,1,0,0,2,0,0,0.04,0.04,0,0.04,0.1,0.1,1.8,0.01,0.07,0.08,0.01,0.08
416,Lee Nguyen\Lee-Nguyen,us USA,MFFW,Los Angeles FC,31,1986,25,20,1831,3,3,0,0,4,1,0.15,0.15,0.29,0.15,0.29,1.2,1.2,3.4,0.06,0.17,0.23,0.06,0.23
417,Sam Nicholson\Sam-Nicholson,sco SCO,FW,Minnesota,23,1995,8,6,523,1,0,0,0,0,0,0.17,0,0.17,0.17,0.17,1.4,1.4,0.5,0.25,0.08,0.33,0.25,0.33
418,Sam Nicholson\Sam-Nicholson,sco SCO,FWMF,Colorado,23,1995,19,19,1516,2,0,0,0,3,0,0.12,0,0.12,0.12,0.12,1.7,1.7,0.9,0.1,0.05,0.15,0.1,0.15
419,Nemanja Nikolić\Nemanja-Nikolic,hu HUN,FW,Chicago,30,1987,31,29,2435,15,1,3,3,2,0,0.55,0.04,0.59,0.44,0.48,12.5,10.2,3.5,0.46,0.13,0.59,0.38,0.5
420,Shane O'Neill\Shane-ONeill,us USA,DF,Orlando City,24,1993,13,13,1117,0,0,0,0,0,1,0,0,0,0,0,0.3,0.3,0,0.02,0,0.03,0.02,0.03
421,Jimmy Ockford\Jimmy-Ockford,us USA,DF,San Jose,25,1992,15,11,1087,0,0,0,0,3,0,0,0,0,0,0,0.6,0.6,0.3,0.05,0.02,0.07,0.05,0.07
422,Chris Odoi-Atsem\Chris-Odoi-Atsem,us USA,DFMF,D.C. United,22,1995,1,0,13,0,0,0,0,0,0,0,0,0,0,0,0.1,0.1,0.1,0.67,0.58,1.24,0.67,1.24
423,Dominic Oduro\Dominic-Oduro,gh GHA,FWMF,Montreal,32,1985,5,0,36,0,0,0,0,0,0,0,0,0,0,0,0.1,0.1,0,0.26,0,0.26,0.26,0.26
424,Dominic Oduro\Dominic-Oduro,gh GHA,FWMF,San Jose,32,1985,5,0,34,0,0,0,0,0,0,0,0,0,0,0,0,0,0.1,0,0.19,0.19,0,0.19
425,Ebenezer Ofori\Ebenezer-Ofori,gh GHA,MF,NYCFC,22,1995,27,21,1895,1,0,0,0,3,1,0.05,0,0.05,0.05,0.05,1,1,0.3,0.05,0.01,0.06,0.05,0.06
426,Lawrence Olum\Lawrence-Olum,ke KEN,MFDF,Portland,33,1984,22,18,1630,1,0,0,0,3,1,0.06,0,0.06,0.06,0.06,0.6,0.6,0.2,0.03,0.01,0.04,0.03,0.04
427,Wyatt Omsberg\Wyatt-Omsberg,us USA,DF,Minnesota,22,1995,7,4,387,0,0,0,0,1,0,0,0,0,0,0,0,0,0,0,0,0,0,0
428,Nedum Onuoha\Nedum-Onuoha,eng ENG,DF,Real Salt Lake,31,1986,2,1,93,0,1,0,0,0,0,0,0.97,0.97,0,0.97,0.1,0.1,0,0.06,0,0.06,0.06,0.06
429,Ike Opara\Ike-Opara,us USA,DF,Sporting KC,28,1989,31,31,2772,3,2,0,0,6,0,0.1,0.06,0.16,0.1,0.16,3.3,3.3,0.8,0.11,0.03,0.14,0.11,0.14
430,Kofi Opare\Kofi-Opare,ca CAN,DF,D.C. United,27,1990,11,10,862,0,0,0,0,1,0,0,0,0,0,0,0.6,0.6,0,0.06,0,0.06,0.06,0.06
431,Edward Opoku\Edward-Opoku,us USA,FW,Columbus,21,1996,5,1,153,0,0,0,0,0,0,0,0,0,0,0,0.2,0.2,0.3,0.14,0.19,0.32,0.14,0.32
432,Alfredo Ortuño\Alfredo-Ortuno,es ESP,FW,Real Salt Lake,27,1991,3,1,119,0,0,0,0,0,0,0,0,0,0,0,0,0,0,0,0.01,0.01,0,0.01
433,Jonathan Osorio\Jonathan-Osorio,ca CAN,MFFW,Toronto FC,25,1992,30,30,2599,10,6,0,0,6,0,0.35,0.21,0.55,0.35,0.55,7.9,7.9,5.7,0.27,0.2,0.47,0.27,0.47
434,David Ousted\David-Ousted,dk DEN,GK,D.C. United,32,1985,17,17,1530,0,0,0,0,0,0,0,0,0,0,0,0,0,0,0,0,0,0,0
435,Rodrigo Pacheco\Rodrigo-Pacheco,ar ARG,FW,Los Angeles FC,21,1996,1,0,18,0,0,0,0,0,0,0,0,0,0,0,0,0,0,0,0,0,0,0
436,Frantz Pangop\Frantz-Pangop,cm CMR,FWMF,Minnesota,24,1993,9,1,181,0,0,0,0,0,0,0,0,0,0,0,0.1,0.1,0.5,0.07,0.23,0.3,0.07,0.3
437,Cristhian Paredes\Cristhian-Paredes,py PAR,MF,Portland,19,1998,19,18,1407,1,2,0,0,1,0,0.06,0.13,0.19,0.06,0.19,1.7,1.7,1,0.11,0.06,0.17,0.11,0.17
438,Tim Parker\Tim-Parker,us USA,DF,NY Red Bulls,24,1993,29,29,2610,1,2,0,0,5,0,0.03,0.07,0.1,0.03,0.1,2.7,2.7,1.3,0.09,0.04,0.14,0.09,0.14
439,Michael Parkhurst\Michael-Parkhurst,us USA,DF,Atlanta,34,1984,33,32,2902,0,0,0,0,6,0,0,0,0,0,0,0,0,0.7,0,0.02,0.02,0,0.02
440,Kevin Partida\Kevin-Partida,us USA,DF,San Jose,22,1995,4,4,288,0,0,0,0,2,1,0,0,0,0,0,0,0,0,0,0,0,0,0
441,PC\PC,br BRA,DFMF,Orlando City,23,1994,8,5,418,0,0,0,0,1,1,0,0,0,0,0,0.4,0.4,0.5,0.08,0.12,0.2,0.08,0.2
442,Taylor Peay\Taylor-Peay,us USA,DF,Real Salt Lake,26,1991,1,0,1,0,0,0,0,0,0,0,0,0,0,0,0,0,0,0,0,0,0,0
443,João Pedro\Joao-Pedro,pt POR,MF,LA Galaxy,24,1993,3,1,85,0,0,0,0,1,0,0,0,0,0,0,0,0,0.1,0,0.06,0.06,0,0.06
444,Marquinhos Pedroso\Marquinhos-Pedroso,br BRA,DF,FC Dallas,24,1993,13,13,1170,0,0,0,0,3,0,0,0,0,0,0,0.2,0.2,0.5,0.02,0.05,0.06,0.02,0.06
445,Ronaldo Peña\Ronaldo-Pena,ve VEN,FW,Houston,20,1997,9,2,226,1,0,0,0,3,1,0.4,0,0.4,0.4,0.4,0.3,0.3,0.3,0.12,0.13,0.25,0.12,0.25
446,Cristian Penilla\Cristian-Penilla,ec ECU,FWMF,New England,26,1991,33,33,2811,12,7,1,1,2,1,0.38,0.22,0.61,0.35,0.58,7.7,7,4.9,0.25,0.16,0.41,0.22,0.38
447,Joshua Pérez\Joshua-Perez,us USA,MF,Los Angeles FC,20,1998,2,0,23,0,0,0,0,0,0,0,0,0,0,0,0,0,0,0,0,0,0,0
448,Michael Petrasso\Michael-Petrasso,ca CAN,DF,Montreal,22,1995,14,8,787,0,0,0,0,2,0,0,0,0,0,0,0.1,0.1,0.6,0.01,0.07,0.07,0.01,0.07
449,Demar Phillips\Demar-Phillips,jm JAM,DF,Real Salt Lake,34,1983,5,5,358,0,0,0,0,2,0,0,0,0,0,0,0,0,0,0.01,0,0.01,0.01,0.01
450,Ignacio Piatti\Ignacio-Piatti,ar ARG,FW,Montreal,32,1985,32,32,2817,16,11,4,4,2,0,0.51,0.35,0.86,0.38,0.73,11.3,8.3,7.1,0.36,0.23,0.59,0.26,0.49
451,Fafà Picault\Fafa-Picault,us USA,FW,Philadelphia,26,1991,29,24,2189,10,4,3,4,7,0,0.41,0.16,0.58,0.29,0.45,9.4,6.4,2.7,0.39,0.11,0.5,0.26,0.38
452,Samuel Piette\Samuel-Piette,ca CAN,MF,Montreal,23,1994,34,34,2998,0,3,0,0,5,0,0,0.09,0.09,0,0.09,0.3,0.3,1.3,0.01,0.04,0.05,0.01,0.05
453,Stefano Pinho\Stefano-Pinho,br BRA,FW,Orlando City,27,1991,23,5,608,2,0,0,0,0,0,0.3,0,0.3,0.3,0.3,2.9,2.9,0.1,0.43,0.01,0.44,0.43,0.44
454,Joao Plata\Joao-Plata,ec ECU,FW,Real Salt Lake,25,1992,25,20,1717,8,8,2,3,0,0,0.42,0.42,0.84,0.31,0.73,6.8,4.4,5.9,0.36,0.31,0.67,0.23,0.54
455,Andy Polo\Andy-Polo,pe PER,MFFW,Portland,23,1994,23,18,1630,1,2,0,0,2,0,0.06,0.11,0.17,0.06,0.17,2.2,2.2,1.5,0.12,0.08,0.2,0.12,0.2
456,Matt Polster\Matt-Polster,us USA,DF,Chicago,24,1993,3,1,128,0,0,0,0,0,0,0,0,0,0,0,0.1,0.1,0,0.07,0.03,0.1,0.07,0.1
457,Paxton Pomykal\Paxton-Pomykal,us USA,MFFW,FC Dallas,18,1999,6,1,127,0,0,0,0,0,0,0,0,0,0,0,0,0,0.2,0,0.16,0.16,0,0.16
458,Chris Pontius\Chris-Pontius,us USA,FWDF,LA Galaxy,30,1987,26,15,1490,5,6,0,0,3,0,0.3,0.36,0.66,0.3,0.66,2.5,2.5,2.2,0.15,0.14,0.28,0.15,0.28
459,Alvas Powell\Alvas-Powell,jm JAM,DF,Portland,23,1994,24,24,2064,2,2,0,0,1,0,0.09,0.09,0.17,0.09,0.17,1.7,1.7,1.1,0.08,0.05,0.13,0.08,0.13
460,Dillon Powers\Dillon-Powers,us USA,MFFW,Orlando City,26,1991,3,0,71,0,0,0,0,0,0,0,0,0,0,0,0,0,0.1,0,0.08,0.08,0,0.08
461,Jack Price\Jack-Price,eng ENG,MF,Colorado,25,1992,31,31,2748,1,2,0,1,9,0,0.03,0.07,0.1,0.03,0.1,1.8,1,2.5,0.06,0.08,0.14,0.03,0.12
462,Andrew Putna\Andrew-Putna,us USA,GK,Real Salt Lake,23,1994,2,1,135,0,0,0,0,0,0,0,0,0,0,0,0,0,0,0,0,0,0,0
463,Valeri Qazaishvili\Valeri-Qazaishvili,ge GEO,FWMF,San Jose,25,1993,33,31,2710,10,4,0,0,0,0,0.33,0.13,0.46,0.33,0.46,9.4,9.4,4,0.31,0.13,0.44,0.31,0.44
464,Yeferson Quintana\Yeferson-Quintana,uy URU,DF,San Jose,21,1996,13,10,791,1,0,0,0,3,0,0.11,0,0.11,0.11,0.11,0.8,0.8,0.1,0.09,0.01,0.1,0.09,0.1
465,Darwin Quintero\Darwin-Quintero,co COL,MFFW,Minnesota,30,1987,27,27,2392,11,12,1,1,3,0,0.41,0.45,0.87,0.38,0.83,7.4,6.6,8.8,0.28,0.33,0.61,0.25,0.58
466,Romell Quioto\Romell-Quioto,hn HON,FW,Houston,26,1991,32,25,2245,6,9,0,0,3,0,0.24,0.36,0.6,0.24,0.6,8.8,8.8,5.3,0.35,0.21,0.57,0.35,0.57
467,Joel Qwiberg\Joel-Qwiberg,se SWE,DF,San Jose,25,1992,5,5,374,0,0,0,0,0,0,0,0,0,0,0,0,0,0.2,0,0.04,0.04,0,0.04
468,Jukka Raitala\Jukka-Raitala,fi FIN,DF,Montreal,29,1988,28,25,2291,1,2,0,0,2,0,0.04,0.08,0.12,0.04,0.12,0.4,0.4,0.4,0.02,0.01,0.03,0.02,0.03
469,Christian Ramirez\Christian-Ramirez,us USA,FW,Los Angeles FC,26,1991,7,3,262,2,0,0,0,0,0,0.69,0,0.69,0.69,0.69,1.5,1.5,0,0.51,0.01,0.52,0.51,0.52
470,Christian Ramirez\Christian-Ramirez,us USA,FW,Minnesota,26,1991,20,17,1372,7,2,0,0,0,0,0.46,0.13,0.59,0.46,0.59,6,6,0.5,0.39,0.04,0.43,0.39,0.43
471,Rafael Ramos\Rafael-Ramos,pt POR,DF,Chicago,23,1995,3,1,106,0,0,0,0,1,0,0,0,0,0,0,0,0,0,0,0,0,0,0
472,Matthew Real\Matthew-Real,us USA,DF,Philadelphia,18,1999,3,3,234,0,0,0,0,1,0,0,0,0,0,0,0,0,0.3,0.01,0.12,0.12,0.01,0.12
473,Kristoffer Reaves\Kristoffer-Reaves,us USA,DF,FC Dallas,22,1995,2,2,167,0,0,0,0,0,0,0,0,0,0,0,0,0,0,0,0,0,0,0
474,Tommy Redding\Tommy-Redding,us USA,DF,NY Red Bulls,21,1997,1,1,90,0,0,0,0,0,0,0,0,0,0,0,0,0,0,0,0,0,0,0
475,Eric Remedi\Eric-Remedi,ar ARG,MF,Atlanta,22,1995,13,12,1094,0,0,0,0,3,0,0,0,0,0,0,0.7,0.7,1.1,0.05,0.09,0.15,0.05,0.15
476,Yordy Reyna\Yordy-Reyna,pe PER,FWMF,Vancouver,24,1993,26,21,1871,6,9,1,1,9,2,0.29,0.43,0.72,0.24,0.67,6,5.3,6.8,0.29,0.33,0.62,0.25,0.58
477,Tosaint Ricketts\Tosaint-Ricketts,ca CAN,FWMF,Toronto FC,30,1987,18,4,611,3,0,0,0,1,0,0.44,0,0.44,0.44,0.44,4.8,4.8,0.6,0.71,0.1,0.8,0.71,0.8
478,Liam Ridgewell\Liam-Ridgewell,eng ENG,DF,Portland,33,1984,13,13,1084,0,0,0,0,2,1,0,0,0,0,0,0.2,0.2,0.2,0.01,0.02,0.03,0.01,0.03
479,Nick Rimando\Nick-Rimando,us USA,GK,Real Salt Lake,38,1979,33,33,2925,0,0,0,0,0,0,0,0,0,0,0,0,0,0,0,0,0,0,0
480,Alexander Ring\Alexander-Ring,fi FIN,MFDF,NYCFC,26,1991,30,29,2607,2,0,0,0,10,0,0.07,0,0.07,0.07,0.07,1.1,1.1,1.6,0.04,0.06,0.1,0.04,0.1
481,Carlos Rivas\Carlos-Rivas,co COL,FW,NY Red Bulls,23,1994,5,3,265,2,0,0,0,0,0,0.68,0,0.68,0.68,0.68,1.5,1.5,0.1,0.51,0.02,0.53,0.51,0.53
482,Jalen Robinson\Jalen-Robinson,us USA,DF,D.C. United,23,1994,5,5,345,0,0,0,0,0,0,0,0,0,0,0,0,0,0,0,0.01,0.01,0,0.01
483,Miles Robinson\Miles-Robinson,us USA,DF,Atlanta,20,1997,10,3,277,0,0,0,0,0,0,0,0,0,0,0,0.3,0.3,0,0.08,0,0.08,0.08,0.08
484,Luis Robles\Luis-Robles,us USA,GK,NY Red Bulls,33,1984,31,31,2790,0,0,0,0,1,0,0,0,0,0,0,0,0,0,0,0,0,0,0
485,Tony Rocha\Tony-Rocha,bz BLZ,DFMF,Orlando City,24,1993,12,9,819,0,2,0,0,1,0,0,0.22,0.22,0,0.22,0.8,0.8,1,0.08,0.11,0.2,0.08,0.2
486,Angelo Rodríguez\Angelo-Rodriguez,co COL,FW,Minnesota,28,1989,11,10,868,4,1,0,0,1,0,0.41,0.1,0.52,0.41,0.52,4.5,4.5,1.1,0.47,0.11,0.57,0.47,0.57
487,Memo Rodriguez\Memo-Rodriguez,us USA,FWMF,Houston,22,1995,19,6,656,1,0,0,0,1,0,0.14,0,0.14,0.14,0.14,0.9,0.9,0.8,0.12,0.11,0.23,0.12,0.23
488,Víctor Rodríguez\Victor-Rodriguez,es ESP,FWMF,Seattle,28,1989,19,14,1257,5,3,0,0,0,0,0.36,0.21,0.57,0.36,0.57,4.5,4.5,2.3,0.32,0.17,0.49,0.32,0.49
489,Alex Roldan\Alex-Roldan,us USA,FWMF,Seattle,21,1996,19,7,739,0,0,0,0,2,0,0,0,0,0,0,0.8,0.8,0.2,0.1,0.03,0.13,0.1,0.13
490,Cristian Roldan\Cristian-Roldan,us USA,MFFW,Seattle,22,1995,34,34,3052,4,6,0,0,4,0,0.12,0.18,0.29,0.12,0.29,2.9,2.9,3.4,0.08,0.1,0.18,0.08,0.18
491,David Romney\David-Romney,us USA,DF,LA Galaxy,24,1993,28,26,2354,1,2,0,0,3,0,0.04,0.08,0.11,0.04,0.11,0.3,0.3,0.8,0.01,0.03,0.04,0.01,0.04
492,Wayne Rooney\Wayne-Rooney,eng ENG,FW,D.C. United,32,1985,20,18,1639,12,6,3,3,1,0,0.66,0.33,0.99,0.49,0.82,11.2,8.9,3.7,0.62,0.2,0.82,0.49,0.69
493,Oriol Rosell\Oriol-Rosell,es ESP,MF,Orlando City,25,1992,22,18,1704,0,1,0,0,6,0,0,0.05,0.05,0,0.05,0.7,0.7,1.1,0.04,0.06,0.09,0.04,0.09
494,Keegan Rosenberry\Keegan-Rosenberry,us USA,DF,Philadelphia,24,1993,32,31,2773,1,3,0,0,3,0,0.03,0.1,0.13,0.03,0.13,1.3,1.3,1.6,0.04,0.05,0.09,0.04,0.09
495,Diego Rossi\Diego-Rossi,uy URU,FW,Los Angeles FC,19,1998,32,30,2599,12,6,0,0,0,0,0.42,0.21,0.62,0.42,0.62,12.4,12.4,4.8,0.44,0.17,0.62,0.44,0.62
496,Brian Rowe\Brian-Rowe,us USA,GK,Vancouver,29,1988,10,10,900,0,0,0,0,0,0,0,0,0,0,0,0,0,0.1,0,0.01,0.01,0,0.01
497,Kelyn Rowe\Kelyn-Rowe,us USA,MFFW,New England,26,1991,27,18,1611,1,2,0,0,6,0,0.06,0.11,0.17,0.06,0.17,1.6,1.6,2.6,0.09,0.15,0.23,0.09,0.23
498,Daniel Royer\Daniel-Royer,at AUT,FW,NY Red Bulls,27,1990,29,24,2042,11,2,2,2,1,1,0.48,0.09,0.57,0.4,0.48,12.6,11.1,2.3,0.55,0.1,0.66,0.49,0.59
499,Diego Rubio\Diego-Rubio,cl CHI,FW,Sporting KC,24,1993,20,9,784,8,4,0,0,3,0,0.92,0.46,1.38,0.92,1.38,3.8,3.8,1.9,0.43,0.22,0.65,0.43,0.65
500,Raúl Ruidíaz\Raul-Ruidiaz,pe PER,FW,Seattle,27,1990,14,13,1094,10,1,0,0,1,0,0.82,0.08,0.9,0.82,0.9,9,9,0.9,0.74,0.08,0.82,0.74,0.82
501,Pablo Ruíz\Pablo-Ruiz,ar ARG,DFMF,Real Salt Lake,19,1998,12,5,533,0,0,0,0,2,0,0,0,0,0,0,0.4,0.4,0.2,0.07,0.03,0.1,0.07,0.1
502,Albert Rusnák\Albert-Rusnak,sk SVK,MFFW,Real Salt Lake,23,1994,31,29,2591,10,5,3,4,0,0,0.35,0.17,0.52,0.24,0.42,7.6,4.6,7.8,0.27,0.27,0.54,0.16,0.43
503,Johnny Russell\Johnny-Russell,sco SCO,FW,Sporting KC,27,1990,30,24,2178,10,7,1,1,3,0,0.41,0.29,0.7,0.37,0.66,8.5,8.5,5.5,0.36,0.24,0.6,0.36,0.6
504,Marc Rzatkowski\Marc-Rzatkowski,de GER,MFFW,NY Red Bulls,27,1990,24,16,1499,2,3,0,0,4,0,0.12,0.18,0.3,0.12,0.3,1.6,1.6,4.9,0.1,0.29,0.39,0.1,0.39
505,Bacary Sagna\Bacary-Sagna,fr FRA,DF,Montreal,34,1983,9,9,810,1,0,0,0,3,0,0.11,0,0.11,0.11,0.11,0.9,0.9,0.8,0.1,0.09,0.2,0.1,0.2
506,Shea Salinas\Shea-Salinas,us USA,DF,San Jose,31,1986,25,20,1820,0,2,0,0,3,1,0,0.1,0.1,0,0.1,0.4,0.4,1.7,0.02,0.08,0.1,0.02,0.1
507,Dániel Sallói\Daniel-Salloi,hu HUN,FW,Sporting KC,21,1996,29,26,2286,11,7,0,0,3,1,0.43,0.28,0.71,0.43,0.71,7.1,7.1,4.5,0.29,0.19,0.48,0.29,0.48
508,Ilie Sánchez\Ilie-Sanchez,es ESP,MF,Sporting KC,27,1990,34,34,3060,4,3,4,6,6,0,0.12,0.09,0.21,0,0.09,5.3,1.5,2.9,0.16,0.09,0.25,0.05,0.13
509,Richard Sánchez\Richard-Sanchez,mx MEX,GK,Chicago,23,1994,25,24,2207,0,0,0,0,3,0,0,0,0,0,0,0,0,0,0,0,0,0,0
510,James Sands\James-Sands,us USA,MF,NYCFC,17,2000,3,3,220,0,0,0,0,0,0,0,0,0,0,0,0.1,0.1,0.1,0.05,0.03,0.08,0.05,0.08
511,Lamine Sané\Lamine-Sane,sn SEN,DF,Orlando City,30,1987,16,15,1372,1,0,0,0,1,0,0.07,0,0.07,0.07,0.07,0.3,0.3,0,0.02,0,0.02,0.02,0.02
512,Harold Santiago Mosquera\Harold-Santiago-Mosquera,co COL,FWMF,FC Dallas,22,1995,29,17,1591,6,4,0,0,0,0,0.34,0.23,0.57,0.34,0.57,5.3,5.3,3.6,0.32,0.21,0.53,0.32,0.53
513,Pedro Santos\Pedro-Santos,pt POR,FWMF,Columbus,29,1988,30,29,2206,1,4,0,0,4,1,0.04,0.16,0.2,0.04,0.2,4,4,5.2,0.16,0.21,0.37,0.16,0.37
514,C.J. Sapong\CJ-Sapong,us USA,FW,Philadelphia,29,1988,32,29,2307,4,3,0,1,3,0,0.16,0.12,0.27,0.16,0.27,10.1,9.3,2.7,0.39,0.1,0.5,0.36,0.47
515,Sebastián Saucedo\Sebastian-Saucedo,us USA,FW,Real Salt Lake,21,1997,28,10,1039,3,2,0,0,1,0,0.26,0.17,0.43,0.26,0.43,2.7,2.7,0.9,0.24,0.08,0.32,0.24,0.32
516,Gastón Sauro\Gaston-Sauro,ar ARG,DF,Columbus,27,1990,7,6,521,0,0,0,0,1,0,0,0,0,0,0,0,0,0.1,0,0.01,0.01,0,0.01
517,Jefferson Savarino\Jefferson-Savarino,ve VEN,FW,Real Salt Lake,21,1996,32,32,2850,7,9,0,0,2,0,0.22,0.28,0.51,0.22,0.51,5.9,5.9,7.8,0.19,0.25,0.43,0.19,0.43
518,Chris Schuler\Chris-Schuler,us USA,DF,Orlando City,30,1987,9,8,786,1,0,0,0,3,0,0.11,0,0.11,0.11,0.11,0.6,0.6,0,0.06,0,0.06,0.06,0.06
519,Rasmus Schüller\Rasmus-Schuller,fi FIN,MFFW,Minnesota,26,1991,31,29,2541,1,3,0,0,5,0,0.04,0.11,0.14,0.04,0.14,1.1,1.1,1.9,0.04,0.07,0.11,0.04,0.11
520,Bastian Schweinsteiger\Bastian-Schweinsteiger,de GER,MFDF,Chicago,33,1984,31,30,2723,4,5,0,1,7,0,0.13,0.17,0.3,0.13,0.3,2.7,1.9,2.5,0.09,0.08,0.17,0.06,0.15
521,Mark Segbers\Mark-Segbers,us USA,DF,New England,21,1996,1,0,45,0,0,0,0,0,0,0,0,0,0,0,0,0,0,0,0,0,0,0
522,Ulises Segura\Ulises-Segura,cr CRC,MFFW,D.C. United,24,1993,23,14,1293,2,1,0,0,1,0,0.14,0.07,0.21,0.14,0.21,1.9,1.9,1.7,0.13,0.12,0.25,0.13,0.25
523,Chris Seitz\Chris-Seitz,us USA,GK,Houston,30,1987,6,6,540,0,0,0,0,1,0,0,0,0,0,0,0,0,0,0,0,0,0,0
524,Philippe Senderos\Philippe-Senderos,ch SUI,DF,Houston,32,1985,8,7,607,4,0,0,0,2,0,0.59,0,0.59,0.59,0.59,1,1,0.1,0.15,0.02,0.16,0.15,0.16
525,Dillon Serna\Dillon-Serna,us USA,MFFW,Colorado,23,1994,20,10,1191,1,0,0,0,3,0,0.08,0,0.08,0.08,0.08,1.3,1.3,0.9,0.1,0.07,0.17,0.1,0.17
526,Brek Shea\Brek-Shea,us USA,FWDF,Vancouver,27,1990,28,15,1525,3,2,0,0,3,0,0.18,0.12,0.3,0.18,0.3,2.4,2.4,1.5,0.14,0.09,0.23,0.14,0.23
527,Khiry Shelton\Khiry-Shelton,us USA,FW,Sporting KC,24,1993,20,15,1369,2,5,0,0,2,0,0.13,0.33,0.46,0.13,0.46,4.2,4.2,3.7,0.3,0.26,0.56,0.29,0.55
528,Harry Shipp\Harry-Shipp,us USA,FW,Seattle,26,1991,19,15,1221,3,1,0,0,1,0,0.22,0.07,0.29,0.22,0.29,2.3,2.3,0.6,0.17,0.04,0.22,0.17,0.22
529,Shamit Shome\Shamit-Shome,ca CAN,MF,Montreal,20,1997,5,2,251,0,0,0,0,0,0,0,0,0,0,0,0.4,0.4,0,0.15,0,0.15,0.15,0.15
530,Bobby Shuttleworth\Bobby-Shuttleworth,us USA,GK,Minnesota,30,1987,25,25,2250,0,0,0,0,2,0,0,0,0,0,0,0,0,0,0,0,0,0,0
531,Alejandro Silva González\Alejandro-Silva-Gonzalez,uy URU,FWMF,Montreal,28,1989,31,27,2362,5,8,1,1,4,0,0.19,0.3,0.5,0.15,0.46,6.3,5.5,6.1,0.24,0.23,0.47,0.21,0.44
532,Danilo da Silva\Danilo-da-Silva,br BRA,DF,Los Angeles FC,31,1986,10,9,721,0,0,0,0,2,0,0,0,0,0,0,0.6,0.6,0.1,0.08,0.01,0.09,0.08,0.09
533,Luis Silva\Luis-Silva,us USA,FW,Real Salt Lake,29,1988,19,9,814,5,0,1,1,0,0,0.55,0,0.55,0.44,0.44,4.3,3.5,1.1,0.47,0.12,0.6,0.39,0.51
534,Marcelo Silva\Marcelo-Silva,uy URU,DF,Real Salt Lake,28,1989,18,18,1555,0,0,0,0,7,0,0,0,0,0,0,0.5,0.5,0,0.03,0,0.03,0.03,0.03
535,Pierre da Silva\Pierre-da-Silva,us USA,FW,Orlando City,19,1998,2,0,51,0,0,0,0,0,0,0,0,0,0,0,0,0,0,0,0,0,0,0
536,Jay Simpson\Jay-Simpson,eng ENG,FWMF,Philadelphia,29,1988,8,1,164,2,0,0,0,0,0,1.1,0,1.1,1.1,1.1,1.6,1.6,0,0.89,0,0.89,0.89,0.89
537,Seth Sinovic\Seth-Sinovic,us USA,DF,Sporting KC,31,1987,23,19,1648,0,1,0,0,4,1,0,0.05,0.05,0,0.05,0.3,0.3,0.7,0.02,0.04,0.06,0.02,0.06
538,Axel Sjöberg\Axel-Sjoberg,se SWE,DF,Colorado,26,1991,17,15,1333,0,0,0,0,0,0,0,0,0,0,0,0.4,0.4,0,0.03,0,0.03,0.03,0.03
539,Jørgen Skjelvik\Jorgen-Skjelvik,no NOR,DF,LA Galaxy,26,1991,32,29,2588,0,1,0,0,6,0,0,0.03,0.03,0,0.03,0.5,0.5,0.2,0.02,0.01,0.02,0.02,0.02
540,Brad Smith\Brad-Smith,au AUS,DF,Seattle,23,1994,6,6,443,0,1,0,0,1,0,0,0.2,0.2,0,0.2,0.3,0.3,0.8,0.06,0.15,0.21,0.06,0.21
541,Graham Smith\Graham-Smith,us USA,DF,Sporting KC,22,1995,2,2,180,0,0,0,0,0,0,0,0,0,0,0,0.2,0.2,0,0.08,0,0.08,0.08,0.08
542,Tommy Smith\Tommy-Smith,nz NZL,DF,Colorado,27,1990,33,33,2969,4,3,0,0,6,1,0.12,0.09,0.21,0.12,0.21,2,2,0.8,0.06,0.03,0.09,0.06,0.09
543,Luis Solignac\Luis-Solignac,ar ARG,FWMF,Chicago,26,1991,11,8,699,0,1,0,0,0,0,0,0.13,0.13,0,0.13,1.7,1.7,0.3,0.22,0.04,0.25,0.22,0.25
544,Gabriel Somi\Gabriel-Somi,sy SYR,DF,New England,26,1991,14,12,1038,0,1,0,0,3,0,0,0.09,0.09,0,0.09,0.3,0.3,0.7,0.02,0.06,0.08,0.02,0.08
545,Eduardo Sosa\Eduardo-Sosa,ve VEN,MFFW,Columbus,20,1997,10,3,391,1,0,0,0,1,1,0.23,0,0.23,0.23,0.23,0.4,0.4,0.6,0.1,0.14,0.24,0.1,0.24
546,Jonathan Spector\Jonathan-Spector,us USA,DF,Orlando City,31,1986,13,13,1059,0,1,0,0,2,0,0,0.08,0.08,0,0.08,0.9,0.9,0.6,0.07,0.05,0.12,0.07,0.12
547,Ben Spencer\Ben-Spencer,us USA,FW,Toronto FC,22,1995,2,1,82,0,0,0,0,0,0,0,0,0,0,0,0.7,0.7,0,0.75,0.04,0.79,0.75,0.79
548,Mac Steeves\Mac-Steeves,us USA,MFFW,Houston,23,1994,3,0,28,0,0,0,0,0,0,0,0,0,0,0,0,0,0.1,0.15,0.46,0.61,0.15,0.61
549,Zack Steffen\Zack-Steffen,us USA,GK,Columbus,22,1995,29,29,2610,0,0,0,0,2,0,0,0,0,0,0,0,0,0.2,0,0.01,0.01,0,0.01
550,Daniel Steres\Daniel-Steres,us USA,DF,LA Galaxy,27,1990,20,14,1322,0,1,0,0,2,0,0,0.07,0.07,0,0.07,0.3,0.3,0.4,0.02,0.03,0.05,0.02,0.05
551,Zoltán Stieber\Zoltan-Stieber,hu HUN,MFFW,D.C. United,29,1988,27,21,1827,5,6,0,0,1,0,0.25,0.3,0.54,0.25,0.54,4,4,3.4,0.2,0.17,0.36,0.2,0.36
552,Brad Stuver\Brad-Stuver,us USA,GK,NYCFC,26,1991,2,2,180,0,0,0,0,0,0,0,0,0,0,0,0,0,0,0,0,0,0,0
553,Sunny\Sunny,ng NGA,MF,Real Salt Lake,29,1988,23,16,1416,0,1,0,0,5,0,0,0.06,0.06,0,0.06,0.3,0.3,0.5,0.02,0.03,0.05,0.02,0.05
554,Scott Sutter\Scott-Sutter,ch SUI,DF,Orlando City,31,1986,19,18,1563,3,2,0,0,0,0,0.17,0.12,0.29,0.17,0.29,0.8,0.8,1.3,0.05,0.08,0.13,0.05,0.13
555,Gustav Svensson\Gustav-Svensson,se SWE,MFDF,Seattle,30,1987,24,23,2072,3,1,0,0,2,0,0.13,0.04,0.17,0.13,0.17,1.3,1.3,1,0.05,0.04,0.1,0.05,0.1
556,Ben Sweat\Ben-Sweat,us USA,DF,NYCFC,26,1991,28,24,2195,0,1,0,0,3,0,0,0.04,0.04,0,0.04,1,1,1.9,0.04,0.08,0.13,0.04,0.13
557,Saphir Taïder\Saphir-Taider,dz ALG,MF,Montreal,25,1992,33,33,2849,7,5,1,1,3,1,0.22,0.16,0.38,0.19,0.35,6.8,6.1,4.2,0.22,0.13,0.35,0.19,0.32
558,Mitchell Taintor\Mitchell-Taintor,us USA,DF,Toronto FC,23,1994,1,1,90,1,0,0,0,1,0,1,0,1,1,1,0.1,0.1,0.1,0.08,0.06,0.14,0.08,0.14
559,Ismael Tajouri-Shradi\Ismael-Tajouri-Shradi,ly LBY,FWMF,NYCFC,23,1994,27,18,1546,11,1,0,0,2,0,0.64,0.06,0.7,0.64,0.7,4.1,4.1,3.6,0.24,0.22,0.46,0.24,0.46
560,Andrew Tarbell\Andrew-Tarbell,us USA,GK,San Jose,24,1993,29,29,2610,0,0,0,0,1,0,0,0,0,0,0,0,0,0.1,0,0.01,0.01,0,0.01
561,Amro Tarek\Amro-Tarek,eg EGY,DF,Orlando City,25,1992,20,19,1696,1,0,0,0,2,0,0.05,0,0.05,0.05,0.05,1.4,1.4,0.2,0.08,0.01,0.08,0.08,0.08
562,Tony Tchani\Tony-Tchani,cm CMR,MF,Chicago,28,1989,13,9,826,1,0,0,0,1,0,0.11,0,0.11,0.11,0.11,0.3,0.3,0.3,0.03,0.03,0.07,0.03,0.07
563,Cristian Techera\Cristian-Techera,uy URU,FWMF,Vancouver,25,1992,21,16,1344,8,1,1,1,7,1,0.54,0.07,0.6,0.47,0.54,6.6,5.8,2.6,0.44,0.17,0.61,0.39,0.56
564,Russell Teibert\Russell-Teibert,ca CAN,MF,Vancouver,25,1992,23,17,1606,1,0,0,0,3,0,0.06,0,0.06,0.06,0.06,0.3,0.3,1.2,0.02,0.07,0.08,0.02,0.08
565,Ryan Telfer\Ryan-Telfer,tt TRI,DFFW,Toronto FC,23,1994,15,9,815,1,1,0,0,1,0,0.11,0.11,0.22,0.11,0.22,0.4,0.4,1.6,0.04,0.18,0.23,0.04,0.23
566,Jérôme Thiesson\Jerome-Thiesson,ch SUI,DF,Minnesota,30,1987,14,13,1106,0,0,0,0,0,0,0,0,0,0,0,0.1,0.1,1.1,0.01,0.09,0.1,0.01,0.1
567,Tommy Thompson\Tommy-Thompson,us USA,MFFW,San Jose,22,1995,14,6,634,0,0,0,0,0,0,0,0,0,0,0,0.6,0.6,0.8,0.09,0.12,0.2,0.09,0.2
568,Chris Tierney\Chris-Tierney,us USA,DF,New England,32,1986,6,3,311,1,0,0,0,1,0,0.29,0,0.29,0.29,0.29,0.2,0.2,0.7,0.05,0.21,0.26,0.05,0.26
569,Anton Tinnerholm\Anton-Tinnerholm,se SWE,DF,NYCFC,26,1991,31,31,2696,4,5,0,0,5,0,0.13,0.17,0.3,0.13,0.3,1.8,1.8,2.6,0.06,0.09,0.15,0.06,0.15
570,Donny Toia\Donny-Toia,us USA,DF,Orlando City,25,1992,4,3,237,0,1,0,0,0,0,0,0.38,0.38,0,0.38,0,0,0.1,0.02,0.03,0.05,0.02,0.05
571,Nouhou Tolo\Nouhou-Tolo,cm CMR,DF,Seattle,20,1997,28,23,2036,0,0,0,0,8,0,0,0,0,0,0,0.7,0.7,1.2,0.03,0.05,0.08,0.03,0.08
572,Román Torres\Roman-Torres,pa PAN,DF,Seattle,31,1986,13,7,692,0,0,0,0,1,0,0,0,0,0,0,1,1,0.1,0.13,0.01,0.14,0.13,0.14
573,Mason Toye\Mason-Toye,us USA,FW,Minnesota,19,1998,17,2,351,0,0,0,0,3,1,0,0,0,0,0,1.6,1.6,0.1,0.42,0.02,0.43,0.42,0.43
574,Wil Trapp\Wil-Trapp,us USA,MF,Columbus,25,1993,30,29,2619,1,1,0,0,3,0,0.03,0.03,0.07,0.03,0.07,0.2,0.2,1.3,0.01,0.05,0.05,0.01,0.05
575,Auston Trusty\Auston-Trusty,us USA,DF,Philadelphia,19,1998,34,34,3060,1,0,0,0,4,0,0.03,0,0.03,0.03,0.03,0.6,0.6,0.2,0.02,0.01,0.02,0.02,0.02
576,Bill Tuiloma\Bill-Tuiloma,nz NZL,DF,Portland,22,1995,13,7,717,1,0,0,0,0,0,0.13,0,0.13,0.13,0.13,0.4,0.4,0.1,0.05,0.01,0.06,0.05,0.06
577,Matt Turner\Matt-Turner,us USA,GK,New England,23,1994,27,27,2430,0,0,0,0,1,0,0,0,0,0,0,0,0,0,0,0,0,0,0
578,Ema Twumasi\Ema-Twumasi,gh GHA,FW,FC Dallas,20,1997,1,1,45,0,0,0,0,0,0,0,0,0,0,0,0.1,0.1,0,0.18,0,0.18,0.18,0.18
579,Victor Ulloa\Victor-Ulloa,us USA,MF,FC Dallas,25,1992,27,25,2166,1,2,0,0,1,0,0.04,0.08,0.12,0.04,0.12,0.9,0.9,1.6,0.04,0.07,0.11,0.04,0.11
580,Marco Ureña\Marco-Urena,cr CRC,FW,Los Angeles FC,27,1990,18,11,1016,1,4,0,1,0,0,0.09,0.35,0.44,0.09,0.44,5.3,4.6,2,0.47,0.18,0.65,0.41,0.58
581,Maximiliano Urruti\Maximiliano-Urruti,ar ARG,FWMF,FC Dallas,26,1991,33,30,2733,8,7,0,0,3,0,0.26,0.23,0.49,0.26,0.49,10.6,10.6,4.1,0.36,0.14,0.5,0.36,0.5
582,Zarek Valentin\Zarek-Valentin,us USA,DF,Portland,26,1991,32,30,2723,0,0,0,0,4,0,0,0,0,0,0,0.4,0.4,1.6,0.01,0.05,0.06,0.01,0.06
583,Milton Valenzuela\Milton-Valenzuela,ar ARG,DF,Columbus,19,1998,30,29,2553,1,3,0,0,6,0,0.04,0.11,0.14,0.04,0.14,1.1,1.1,4.2,0.04,0.15,0.19,0.04,0.19
584,Diego Valeri\Diego-Valeri,ar ARG,MFFW,Portland,31,1986,32,31,2743,10,11,4,5,4,0,0.33,0.36,0.69,0.2,0.56,11.6,7.8,8.3,0.38,0.27,0.65,0.26,0.53
585,Florian Valot\Florian-Valot,fr FRA,FWMF,NY Red Bulls,24,1993,14,13,1144,3,4,0,0,1,0,0.24,0.31,0.55,0.24,0.55,3.3,3.3,2,0.26,0.16,0.42,0.26,0.42
586,Jeisson Vargas\Jeisson-Vargas,cl CHI,FWMF,Montreal,20,1997,19,10,871,4,0,0,0,1,0,0.41,0,0.41,0.41,0.41,2.1,2.1,0.6,0.22,0.06,0.28,0.22,0.28
587,Brandon Vazquez\Brandon-Vazquez,us USA,FW,Atlanta,19,1998,8,0,93,0,0,0,0,0,0,0,0,0,0,0,1.7,1.7,0.1,1.62,0.08,1.69,1.62,1.69
588,Víctor Vázquez\Victor-Vazquez,es ESP,MFFW,Toronto FC,31,1987,21,19,1430,8,4,2,2,0,0,0.5,0.25,0.76,0.38,0.63,4.6,3.1,3.6,0.29,0.23,0.52,0.19,0.42
589,Carlos Vela\Carlos-Vela,mx MEX,FWMF,Los Angeles FC,28,1989,28,26,2378,14,9,4,4,1,0,0.53,0.34,0.87,0.38,0.72,10.7,7.7,8.9,0.42,0.35,0.77,0.3,0.65
590,David Villa\David-Villa,es ESP,FW,NYCFC,36,1981,23,20,1748,14,5,2,3,4,0,0.72,0.26,0.98,0.62,0.88,11.1,9.6,5.7,0.6,0.31,0.91,0.52,0.83
591,Jorge Villafaña\Jorge-Villafana,us USA,DF,Portland,28,1989,8,7,654,0,1,0,0,0,0,0,0.14,0.14,0,0.14,0,0,1.2,0,0.16,0.16,0,0.16
592,Héctor Villalba\Hector-Villalba,py PAR,FW,Atlanta,23,1994,28,21,1773,7,6,0,0,4,0,0.36,0.3,0.66,0.36,0.66,7,7,5.8,0.36,0.3,0.65,0.36,0.65
593,Jose Villarreal\Jose-Villarreal,us USA,MF,Orlando City,24,1993,3,0,48,0,0,0,0,0,0,0,0,0,0,0,0,0,0.2,0,0.4,0.4,0,0.4
594,Brandon Vincent\Brandon-Vincent,us USA,DF,Chicago,23,1994,32,31,2827,1,3,0,0,3,0,0.03,0.1,0.13,0.03,0.13,0.7,0.7,1.4,0.02,0.04,0.07,0.02,0.07
595,Sam Vines\Sam-Vines,us USA,DF,Colorado,18,1999,1,0,45,0,0,0,0,0,0,0,0,0,0,0,0,0,0,0,0,0,0,0
596,Rodney Wallace\Rodney-Wallace,cr CRC,FW,NYCFC,29,1988,18,9,821,1,1,0,0,2,0,0.11,0.11,0.22,0.11,0.22,2.1,2.1,0.7,0.23,0.08,0.31,0.23,0.31
597,Collen Warner\Collen-Warner,us USA,MF,Minnesota,29,1988,17,14,1236,0,0,0,0,7,1,0,0,0,0,0,0.1,0.1,0.5,0.01,0.04,0.04,0.01,0.04
598,Kendall Waston\Kendall-Waston,cr CRC,DF,Vancouver,30,1988,26,26,2217,3,2,0,0,6,1,0.12,0.08,0.2,0.12,0.2,3.2,3.2,1.4,0.13,0.05,0.19,0.13,0.19
599,Jared Watts\Jared-Watts,us USA,DF,Houston,25,1992,7,7,533,0,0,0,0,1,0,0,0,0,0,0,0.1,0.1,0.1,0.01,0.01,0.02,0.01,0.02
600,Chris Wehan\Chris-Wehan,us USA,FWDF,San Jose,24,1994,6,2,186,0,0,0,0,0,0,0,0,0,0,0,0.2,0.2,0.7,0.08,0.32,0.4,0.08,0.4
601,Andrew Wenger\Andrew-Wenger,us USA,DFFW,Houston,27,1990,22,20,1708,2,1,0,0,1,0,0.11,0.05,0.16,0.11,0.16,2.5,2.5,1.3,0.13,0.07,0.2,0.13,0.2
602,Andrew Wheeler-Omiunu\Andrew-Wheeler-Omiunu,us USA,MF,Atlanta,23,1994,1,0,17,0,0,0,0,0,0,0,0,0,0,0,0,0,0,0,0,0,0,0
603,Brian White\Brian-White,us USA,FW,NY Red Bulls,21,1996,5,2,219,1,0,0,0,0,0,0.41,0,0.41,0.41,0.41,1.7,1.7,0,0.68,0,0.68,0.68,0.68
604,Josh Williams\Josh-Williams,us USA,DF,Columbus,29,1988,21,16,1486,0,0,0,0,2,0,0,0,0,0,0,1.3,1.3,0.4,0.08,0.03,0.1,0.08,0.1
605,Romario Williams\Romario-Williams,jm JAM,FWMF,Atlanta,23,1994,17,0,224,1,0,0,0,4,0,0.4,0,0.4,0.4,0.4,1.1,1.1,0.7,0.46,0.27,0.73,0.46,0.73
606,Sheanon Williams\Sheanon-Williams,us USA,DFFW,LA Galaxy,27,1990,8,1,158,0,0,0,0,0,0,0,0,0,0,0,0,0,0,0,0,0,0,0
607,Joe Willis\Joe-Willis,us USA,GK,Houston,29,1988,26,26,2340,0,0,0,0,3,0,0,0,0,0,0,0,0,0.1,0,0,0,0,0
608,Danny Wilson\Danny-Wilson,sco SCO,DFMF,Colorado,26,1991,23,22,1935,0,0,0,0,7,0,0,0,0,0,0,0.3,0.3,0.2,0.01,0.01,0.02,0.01,0.02
609,Henry Wingo\Henry-Wingo,us USA,FWDF,Seattle,22,1995,5,1,148,0,0,0,0,1,0,0,0,0,0,0,0.3,0.3,0.3,0.17,0.19,0.36,0.17,0.36
610,Magnus Wolff Eikrem\Magnus-Wolff-Eikrem,no NOR,FWMF,Seattle,27,1990,15,6,599,1,1,0,0,2,0,0.15,0.15,0.3,0.15,0.3,1.6,1.6,1.3,0.24,0.19,0.43,0.24,0.43
611,Chris Wondolowski\Chris-Wondolowski,us USA,FWMF,San Jose,35,1983,34,23,2296,10,5,3,4,3,0,0.39,0.2,0.59,0.27,0.47,9.5,6.3,2.1,0.37,0.08,0.45,0.25,0.33
612,Brian Wright\Brian-Wright,ca CAN,FW,New England,22,1995,10,2,263,1,0,0,0,0,0,0.34,0,0.34,0.34,0.34,1.4,1.4,0.1,0.48,0.02,0.51,0.48,0.51
613,Bradley Wright-Phillips\Bradley-Wright-Phillips,eng ENG,FW,NY Red Bulls,32,1985,32,28,2532,20,7,0,0,7,0,0.71,0.25,0.96,0.71,0.96,14,14,6.4,0.5,0.23,0.73,0.5,0.73
614,Deklan Wynne\Deklan-Wynne,nz NZL,DF,Colorado,22,1995,25,22,2006,0,0,0,0,3,1,0,0,0,0,0,0.1,0.1,0.3,0,0.01,0.02,0,0.02
615,Yoshimar Yotún\Yoshimar-Yotun,pe PER,MFFW,Orlando City,27,1990,22,22,1969,4,7,3,3,7,1,0.18,0.32,0.5,0.05,0.37,4.1,1.8,5.9,0.19,0.27,0.46,0.08,0.35
616,Jackson Yueill\Jackson-Yueill,us USA,MF,San Jose,20,1997,21,15,1289,0,2,0,0,0,0,0,0.14,0.14,0,0.14,0.8,0.8,1.4,0.05,0.1,0.16,0.05,0.16
617,Wilfried Zahibo\Wilfried-Zahibo,cf CTA,MF,New England,24,1993,31,22,1941,4,2,0,0,6,0,0.19,0.09,0.28,0.19,0.28,2.2,1.9,1.1,0.1,0.05,0.15,0.09,0.14
618,Gyasi Zardes\Gyasi-Zardes,us USA,FW,Columbus,26,1991,33,33,2945,19,0,3,4,3,0,0.58,0,0.58,0.49,0.49,17.1,14.1,2.1,0.52,0.06,0.59,0.43,0.5
619,Eriq Zavaleta\Eriq-Zavaleta,us USA,DF,Toronto FC,25,1992,21,16,1487,0,0,0,0,4,0,0,0,0,0,0,0.2,0.2,0.3,0.01,0.02,0.04,0.01,0.04
620,Reto Ziegler\Reto-Ziegler,ch SUI,DF,FC Dallas,32,1986,29,29,2568,4,0,2,3,3,3,0.14,0,0.14,0.07,0.07,2,0.5,0.6,0.07,0.02,0.1,0.02,0.04
621,Walker Zimmerman\Walker-Zimmerman,us USA,DF,Los Angeles FC,24,1993,26,26,2319,4,1,0,0,4,0,0.16,0.04,0.19,0.16,0.19,2.4,2.4,0.9,0.1,0.03,0.13,0.1,0.13
622,Sal Zizzo\Sal-Zizzo,us USA,DF,Atlanta,30,1987,6,1,161,0,0,0,0,0,0,0,0,0,0,0,0,0,0.1,0,0.05,0.05,0,0.05
623,Graham Zusi\Graham-Zusi,us USA,DF,Sporting KC,31,1986,34,34,3060,2,4,0,0,2,0,0.06,0.12,0.18,0.06,0.18,2.8,2.8,6.2,0.09,0.19,0.27,0.09,0.27
